Unnamed: 0;show_date_x;Artist;Title;Album;Year_x;show_date_y;Year_y;exists
;;Portugal. The Man;Modern Jesus;Evil Friends;;Jan 15. 2023;2013;right_only
;;The Shins;Young Pilgrims;Chutes Too Narrow;;Jan 15. 2023;2003;right_only
;;Black Lips;Family Tree;Family Tree;;Jan 15. 2023;2011;right_only
;;Pavement;Stereo;Stereo;;Jan 15. 2023;2010;right_only
25576.0;1100;Violent Femmes;Blister In The Sun;Violent Femmes;1982;Jan 15. 2023;1996;both
;;The Raconteurs;Carolina Drama;Consolers of the Lonely;;Jan 15. 2023;2008;right_only
;;The Brian Jonestown Massacre;Going To Hell;Strung Out In Heaven;;Jan 15. 2023;1998;right_only
;;Hinds;Chili Town;Chili Town;;Jan 15. 2023;2015;right_only
;;Hole;Celebrity Skin;1;;Jan 15. 2023;2007;right_only
;;Yo La Tengo;Sugarcube;Sugarcube;;Jan 15. 2023;1997;right_only
;;The Psychedelic Furs;Pretty in Pink;Essential Rock - Definitive Rock Classics And Power Ballads;;Jan 15. 2023;2009;right_only
;;Purple Mountains;Darkness and Cold;Darkness and Cold;;Jan 15. 2023;2019;right_only
;;Sylvan Esso;PARAD(w/m)E;PARAD(w/m)E;;Jan 15. 2023;2018;right_only
4231.0;1100;The Breeders;Drivin' On 9;Last Splash;2010;Jan 15. 2023;2010;both
;;Parquet Courts;Everyday It Starts;Everyday It Starts;;Jan 15. 2023;2014;right_only
;;My Morning Jacket;Into The Woods;Z;;Jan 15. 2023;2005;right_only
;;Band Of Horses;Ode to LRC;Cease to Begin;;Jan 15. 2023;2007;right_only
;;Silversun Pickups;Growing Old Is Getting Old;Swoon;;Jan 15. 2023;2009;right_only
;;The White Stripes;I'm Slowly Turning Into You;I'm Slowly Turning Into You;;Jan 15. 2023;2007;right_only
;;Radiohead;Man of War;Man of War;;Jan 15. 2023;2017;right_only
;;Sufjan Stevens;Chicago;Illinois;;Jan 15. 2023;2005;right_only
;;The Rapture;Out Of The Races And Onto The Tracks (Album);Out Of The Races And Onto The Tracks;;Jan 15. 2023;2016;right_only
;;The Black Angels;Young Men Dead;Passover;;Jan 15. 2023;2008;right_only
;;Courtney Barnett;Elevator Operator;Sometimes I Sit and Think. and Sometimes I Just Sit;;Jan 15. 2023;2015;right_only
;;Adia Victoria;Dead Eyes;Beyond The Bloodhounds;;Jan 15. 2023;2016;right_only
;;Dr. Dog;That Old Black Hole;Be The Void;;Jan 15. 2023;2012;right_only
;;Vampire Weekend;Diane Young;Diane Young;;Jan 15. 2023;2013;right_only
;;Deerhunter;Don't Cry;Don't Cry;;Jan 12. 2023;2010;right_only
;;Radiohead;The Bends;The Best Of;;Jan 12. 2023;2008;right_only
;;Ty Segall;Imaginary Person;Melted;;Jan 12. 2023;2010;right_only
;;Guided By Voices;Underwater Explosions;Underwater Explosions;;Jan 12. 2023;1996;right_only
;;Diet Cig;Maid of the Mist;Swear I'm Good At This;;Jan 12. 2023;2017;right_only
;;The Exploding Hearts;Modern Kicks;Guitar Romantic;;Jan 12. 2023;2003;right_only
;;Parquet Courts;Wide Awake;Wide Awake;;Jan 12. 2023;2018;right_only
;;Vampire Weekend;Obvious Bicycle;Obvious Bicycle;;Jan 12. 2023;2013;right_only
;;The Brian Jonestown Massacre;The Way It Was;Bringing It All Back Home - Again;;Jan 12. 2023;2007;right_only
4581.0;1100;Cake;Frank Sinatra;Fashion Nugget;1996;Jan 12. 2023;1996;both
;;Pavement;Give It A Day;Give It A Day;;Jan 12. 2023;2006;right_only
;;Cold War Kids;Every Valley Is Not A Lake;Loyalty To Loyalty;;Jan 12. 2023;2016;right_only
;;The Dead Weather;Will There Be Enough Water?;Horehound;;Jan 12. 2023;2500;right_only
;;Deer Tick;Standing At The Threshold;Standing At The Threshold;;Jan 12. 2023;2007;right_only
;;Neutral Milk Hotel;Song Against Sex;On Avery Island;;Jan 12. 2023;1996;right_only
;;Broken Bells;The Ghost Inside;Broken Bells;;Jan 12. 2023;2010;right_only
;;Band Of Horses;Cigarettes. Wedding Bands;Cease to Begin;;Jan 12. 2023;2007;right_only
;;Dr. Dog;These Days;Be The Void;;Jan 12. 2023;2012;right_only
;;Matthew Sweet;Girlfriend;Girlfriend (Legacy Edition);;Jan 12. 2023;2003;right_only
;;Talking Heads;Psycho Killer (Remastered Album Version );The Best Of Talking Heads;;Jan 12. 2023;2004;right_only
;;Vivian Girls;I Believe In Nothing;Vivian Girls;;Jan 12. 2023;2008;right_only
;;Arcade Fire;The Well and the Lighthouse;Neon Bible;;Jan 12. 2023;2017;right_only
;;Limes;Under My Head;Tarantula! / Blue Blood;;Jan 12. 2023;2011;right_only
;;Father John Misty;I'm Writing a Novel;Fear Fun;;Jan 12. 2023;2012;right_only
;;King Khan & The Shrines;Born to Die;Idle No More;;Jan 12. 2023;2013;right_only
;;Courtney Barnett;History Eraser;The Double EP: A Sea of Split Peas;;Jan 12. 2023;2013;right_only
;;MGMT;Electric Feel;Oracular Spectacular;;Jan 12. 2023;2007;right_only
;;Matt and Kim;I'll Take Us Home;I'll Take Us Home;;Jan 12. 2023;2009;right_only
;;Bass Drum of Death;Crawling After You;Bass Drum of Death;;Jan 12. 2023;2013;right_only
;;Beck;The New Pollution;Odelay;;Jan 8. 2023 ;1996;right_only
;;Deerhunter;Don't Cry;Don't Cry;;Jan 8. 2023 ;2010;right_only
;;Radiohead;The Bends;The Bends;;Jan 8. 2023 ;1995;right_only
;;Ty Segall;Imaginary Person;Melted;;Jan 8. 2023 ;2010;right_only
;;Guided By Voices;Underwater Explosions;Underwater Explosions;;Jan 8. 2023 ;1996;right_only
;;Diet Cig;Maid of the Mist;Swear I'm Good At This;;Jan 8. 2023 ;2017;right_only
;;The Exploding Hearts;Modern Kicks;Guitar Romantic;;Jan 8. 2023 ;2003;right_only
;;Parquet Courts;Wide Awake;Wide Awake;;Jan 8. 2023 ;2018;right_only
;;Vampire Weekend;Obvious Bicycle;Obvious Bicycle;;Jan 8. 2023 ;2013;right_only
;;The Brian Jonestown Massacre;The Way It Was;Bringing It All Back Home - Again;;Jan 8. 2023 ;2007;right_only
4581.0;1100;Cake;Frank Sinatra;Fashion Nugget;1996;Jan 8. 2023 ;1996;both
;;Pavement;Give It A Day;Give It A Day;;Jan 8. 2023 ;2006;right_only
;;Cold War Kids;Every Valley Is Not A Lake;Loyalty To Loyalty;;Jan 8. 2023 ;2016;right_only
;;The Dead Weather;Will There Be Enough Water?;Will There Be Enough Water?;;Jan 8. 2023 ;2009;right_only
;;Jay Reatard;Blood Visions;Blood Visions;;Jan 8. 2023 ;2009;right_only
;;Pixies;Wave Of Mutilation;Death To The Pixies;;Jan 8. 2023 ;1997;right_only
;;Deer Tick;Standing At The Threshold;Standing At The Threshold;;Jan 8. 2023 ;2007;right_only
;;Neutral Milk Hotel;Song Against Sex;On Avery Island;;Jan 8. 2023 ;1996;right_only
;;Broken Bells;The Ghost Inside;Broken Bells;;Jan 8. 2023 ;2010;right_only
;;Band Of Horses;Cigarettes. Wedding Bands;Cease to Begin;;Jan 8. 2023 ;2007;right_only
;;Dr. Dog;These Days;Be The Void;;Jan 8. 2023 ;2012;right_only
;;Black Lips;Boys In The Wood;Boys in the Wood;;Jan 8. 2023 ;2014;right_only
;;Matthew Sweet;Girlfriend;Girlfriend (Legacy Edition);;Jan 8. 2023 ;2003;right_only
;;Talking Heads;Psycho Killer (Remastered Album Version );The Best Of Talking Heads;;Jan 8. 2023 ;2004;right_only
;;Vivian Girls;I Believe In Nothing;Vivian Girls;;Jan 8. 2023 ;2008;right_only
;;Arcade Fire;The Well and the Lighthouse;Neon Bible;;Jan 8. 2023 ;2017;right_only
;;Limes;Under My Head;Tarantula! / Blue Blood;;Jan 8. 2023 ;2011;right_only
;;Father John Misty;I'm Writing a Novel;Fear Fun;;Jan 8. 2023 ;2012;right_only
;;King Khan & the Shrines;Born to Die;Idle No More;;Jan 8. 2023 ;2013;right_only
;;Courtney Barnett;History Eraser;The Double EP: A Sea of Split Peas;;Jan 8. 2023 ;2013;right_only
;;MGMT;Electric Feel;Oracular Spectacular;;Jan 8. 2023 ;2007;right_only
;;Bass Drum of Death;Crawling After You;Bass Drum of Death;;Jan 8. 2023 ;2013;right_only
;;Matt and Kim;I'll Take Us Home;I'll Take Us Home;;Jan 8. 2023 ;2009;right_only
;;Beck;Elevator Music;The Information;;Jan 5. 2023 ;2006;right_only
;;Beach Bunny;Dream Boy;Dream Boy;;Jan 5. 2023 ;2019;right_only
;;Sylvan Esso;Radio;Indie Summer;;Jan 5. 2023 ;2019;right_only
;;Bon Iver;For Emma;For Emma. Forever Ago;;Jan 5. 2023 ;2008;right_only
;;Housewife;I'm Spent;I'm Spent;;Jan 5. 2023 ;2022;right_only
;;The War On Drugs;Oceans of Darkness;Oceans of Darkness;;Jan 5. 2023 ;2022;right_only
;;Vampire Weekend;Ya Hey;Ya Hey;;Jan 5. 2023 ;2013;right_only
;;Oasis;Don't Look Back In Anger;Stop The Clocks;;Jan 5. 2023 ;2008;right_only
;;Beach Weather;Sex. Drugs. Etc.;Chit Chat;;Jan 5. 2023 ;2016;right_only
;;Band of Horses;The Funeral;Digital Bang: Sub Pop’s Amazon Sampler;;Jan 5. 2023 ;2010;right_only
;;Plains;Problem With It;Problem With It;;Jan 5. 2023 ;2022;right_only
;;Arctic Monkeys;Fluorescent Adolescent;Favourite Worst Nightmare;;Jan 5. 2023 ;2007;right_only
;;Broken Bells;Saturdays;Into The Blue;;Jan 5. 2023 ;2022;right_only
;;Archers of Loaf;Web in Front;Icky Mettle (Deluxe Reissue);;Jan 5. 2023 ;1993;right_only
;;The Dandy Warhols;Godless;Thirteen Tales From Urban Bohemia;;Jan 5. 2023 ;2009;right_only
;;Talking Heads;Psycho Killer (Remastered Album Version );The Best Of Talking Heads;;Jan 5. 2023 ;2004;right_only
;;Beat Happening;Indian Summer;Look Around;;Jan 5. 2023 ;2015;right_only
;;Adia Victoria;Different Kind Of Love;Different Kind Of Love;;Jan 5. 2023 ;2019;right_only
;;Radiohead;Optimistic;Kid A;;Jan 5. 2023 ;2000;right_only
;;Arcade Fire;My Body Is a Cage;Neon Bible;;Jan 5. 2023 ;2017;right_only
;;Parquet Courts;Slide Machine;Slide Machine;;Jan 5. 2023 ;2014;right_only
;;Violent Femmes;Out The Window;Why Do Birds Sing?;;Jan 5. 2023 ;1991;right_only
;;Bass Drum of Death;Nerve Jamming;GB City;;Jan 5. 2023 ;2011;right_only
;;Best Coast;Boyfriend;Crazy For You;;Jan 5. 2023 ;2012;right_only
;;Blind Melon;Tones Of Home;Best Of Blind Melon;;Jan 5. 2023 ;2005;right_only
;;Lucy Dacus;Night Shift;Night Shift;;Jan 5. 2023 ;2017;right_only
;;Ty Segall;Son of Sam;Singles 2007-2010;;Jan 5. 2023 ;2011;right_only
;;Alex G;Runner;Runner;;Jan 5. 2023 ;2022;right_only
;;Weezer;In The Garage;Weezer;;Jan 5. 2023 ;1994;right_only
;;The Breeders;Divine Hammer;Divine Hammer;;Jan 5. 2023 ;1993;right_only
;;Blondie;Call Me;Blondie 4(0)-Ever: Greatest Hits Deluxe Redux / Ghosts Of Download;;Jan 5. 2023 ;2014;right_only
;;Sylvan Esso;Radio;Indie Summer;;Jan 1. 2023 ;2019;right_only
;;Vampire Weekend;The Kids Don't Stand a Chance;The Kids Don't Stand a Chance;;Jan 1. 2023 ;2008;right_only
;;Supersuckers;Coattail Rider;Coattail Rider;;Jan 1. 2023 ;2008;right_only
;;The Grifters;Parting Shot;Parting Shot;;Jan 1. 2023 ;2008;right_only
;;Veruca Salt;Seether;90s Rock Gold;;Jan 1. 2023 ;2009;right_only
;;Violent Femmes;Out The Window;Why Do Birds Sing?;;Jan 1. 2023 ;1991;right_only
;;Ty Segall;Thank God For Sinners;Twins;;Jan 1. 2023 ;2012;right_only
;;Modest Mouse;Satin In A Coffin;Good News For People Who Love Bad News;;Jan 1. 2023 ;2007;right_only
;;Parquet Courts;Steady on My Mind;Steady on My Mind;;Jan 1. 2023 ;2016;right_only
;;The Afghan Whigs;Now You Know;Gentlemen;;Jan 1. 2023 ;1993;right_only
;;T-Bone Scarpone;Big Bad Wolf;The Cowboy with the Black Hat (A Spaghetti Western);;Jan 1. 2023 ;2017;right_only
;;Daniel Johnston;Casper The Friendly Ghost;Kids;;Jan 1. 2023 ;2015;right_only
;;Ultimate Sound Effects Library;Car Sound Effects;Sound Effects Library for Internet Videos. Vol. 1;;Jan 1. 2023 ;2015;right_only
;;Frankie Cosmos;So Blue;Close It Quietly;;Jan 1. 2023 ;2019;right_only
;;Deerhunter;Back to the Middle;Back to the Middle;;Jan 1. 2023 ;2013;right_only
;;DIIV;Mire (Grant's Song);Is the Is Are;;Jan 1. 2023 ;2015;right_only
;;Stef Chura;Sweet Sweet Midnight;Midnight;;Jan 1. 2023 ;2019;right_only
;;The Strokes;Between Love & Hate;Room On Fire;;Jan 1. 2023 ;2020;right_only
;;Interpol;Roland;Roland;;Jan 1. 2023 ;2012;right_only
;;Summer Twins;Forget Me;Forget Me;;Jan 1. 2023 ;2013;right_only
;;The Kills;No Wow;No Wow;;Jan 1. 2023 ;2005;right_only
;;Radiohead;Everything In Its Right Place;Everything In Its Right Place;;Jan 1. 2023 ;2000;right_only
;;The Jon Spencer Blues Explosion;Lovin' Machine;Road Trip;;Jan 1. 2023 ;2007;right_only
;;Guided by Voices;Bury the Mouse;Warp and Woof;;Jan 1. 2023 ;2014;right_only
;;King Tuff;Radiation;Radiation;;Jan 1. 2023 ;2014;right_only
;;Lucy Dacus;Dancing In The Dark;Dancing In The Dark;;Jan 1. 2023 ;2019;right_only
;;King Khan & the Shrines;I Got Made;Idle No More;;Jan 1. 2023 ;2013;right_only
;;Pavement;Unfair;Unfair;;Jan 1. 2023 ;2010;right_only
;;Jay Reatard;Fading All Away;Blood Visions;;Jan 1. 2023 ;2016;right_only
;;Sonny & The Sunsets;green blood;Antenna To The Afterworld;;Jan 1. 2023 ;2013;right_only
;;Arcade Fire;Black Mirror;Neon Bible;;Jan 1. 2023 ;2017;right_only
;;Talking Heads;Love----> Building On Fire (Remastered Album Version );The Best Of Talking Heads;;Dec 29. 2022;2004;right_only
;;Sebadoh;Social Medicine (Remastered);Bakesale [Deluxe Edition];;Dec 29. 2022;2011;right_only
;;The Walkmen;We've Been Had;The Walkmen;;Dec 29. 2022;2009;right_only
;;The Clean;Oddity;Anthology;;Dec 29. 2022;2003;right_only
;;Thao & The Get Down Stay Down;Nobody Dies;A Man Alive;;Dec 29. 2022;2016;right_only
;;Husker Du;Sorry Somehow;Sorry Somehow;;Dec 29. 2022;2008;right_only
;;Ultra Orange;Don't Kiss Me Goodbye;Ultra Orange & Emmanuelle (Digital Deluxe Edition);;Dec 29. 2022;2007;right_only
;;Parquet Courts;Freebird II;Freebird II;;Dec 29. 2022;2018;right_only
;;Sonic Youth;I'm Not There;I'm Not There (Music From The Motion Picture);;Dec 29. 2022;2007;right_only
;;TEEN;Better;Better;;Dec 29. 2022;2012;right_only
;;Strapping Fieldhands;The Author In Her Ear;Wattle & Daub;;Dec 29. 2022;1996;right_only
;;Daniel Johnston;Mean Girls Give Pleasure;Space Ducks: Soundtrack;;Dec 29. 2022;2012;right_only
;;Bob Mould;Voices in My Head;Voices in My Head;;Dec 29. 2022;2016;right_only
;;Super Furry Animals;Something 4 the Weekend;Zoom! The Best Of (1995-2016);;Dec 29. 2022;2016;right_only
;;Courtney Barnett;Write a List of Things to Look Forward To;Things Take Time. Take Time;;Dec 29. 2022;2021;right_only
;;Teenage Fanclub;Everything Is Falling Apart;Everything Is Falling Apart;;Dec 29. 2022;2019;right_only
;;Swearin';Grow into a Ghost;Fall into the Sun;;Dec 29. 2022;2018;right_only
;;Shout Out Louds;Shut Your Eyes;Howl Howl Gaff Gaff;;Dec 29. 2022;2005;right_only
;;Vampire Weekend;Finger Back;Finger Back;;Dec 29. 2022;2013;right_only
;;Pixies;Monkey Gone To Heaven;Death To The Pixies;;Dec 29. 2022;1997;right_only
;;My Morning Jacket;Off The Record;Z;;Dec 29. 2022;2008;right_only
;;Arcade Fire;Sprawl II (Mountains Beyond Mountains);The Suburbs;;Dec 29. 2022;2010;right_only
;;Dan Auerbach;Street Walkin';Street Walkin';;Dec 29. 2022;2012;right_only
;;The Apples in stereo;Energy;New Magnetic Wonder;;Dec 29. 2022;2007;right_only
;;The Dead Weather;I'm Mad;I'm Mad;;Dec 29. 2022;2010;right_only
;;Built To Spill;Randy Described Eternity;Randy Described Eternity;;Dec 29. 2022;1997;right_only
;;Silver Jews;Party Barge;Lookout Mountain. Lookout Sea;;Dec 29. 2022;2008;right_only
;;Yeah Yeah Yeahs;Sacrilege;Mosquito (Deluxe Version);;Dec 29. 2022;2014;right_only
;;Ty Segall;Fuzzy Cat;Singles 2007-2010;;Dec 29. 2022;2011;right_only
;;Matt and Kim;Cutdown;Cutdown;;Dec 29. 2022;2009;right_only
;;Triumphant Quartet;Jesus Is Your Ticket To Heaven;Love Came Calling;;Dec 25. 2022;2010;right_only
;;Talking Heads;Love----> Building On Fire (Remastered Album Version );The Best Of Talking Heads;;Dec 25. 2022;2004;right_only
;;Sebadoh;Social Medicine (Remastered);Bakesale [Deluxe Edition];;Dec 25. 2022;2011;right_only
;;The Walkmen;We've Been Had;The Walkmen;;Dec 25. 2022;2009;right_only
;;The Clean;Oddity;Anthology;;Dec 25. 2022;2003;right_only
;;Thao & The Get Down Stay Down;Nobody Dies;A Man Alive;;Dec 25. 2022;2016;right_only
;;Husker Du;Sorry Somehow;Sorry Somehow;;Dec 25. 2022;2008;right_only
;;Ultra Orange & Emmanuelle;Don't Kiss Me Goodbye;Ultra Orange & Emmanuelle;;Dec 25. 2022;2007;right_only
;;Parquet Courts;Freebird II;Freebird II;;Dec 25. 2022;2018;right_only
;;Sonic Youth;I'm Not There;I'm Not There (Music From The Motion Picture);;Dec 25. 2022;2007;right_only
;;TEEN;Better;Better;;Dec 25. 2022;2012;right_only
;;Strapping Fieldhands;The Author In Her Ear;Wattle & Daub;;Dec 25. 2022;1996;right_only
;;Daniel Johnston;Mean Girls Give Pleasure;Space Ducks: Soundtrack;;Dec 25. 2022;2012;right_only
;;Bob Mould;Voices in My Head;Voices in My Head;;Dec 25. 2022;2016;right_only
;;Super Furry Animals;Something 4 the Weekend;Zoom! The Best Of (1995-2016);;Dec 25. 2022;2016;right_only
;;Courtney Barnett;Write a List of Things to Look Forward To;Things Take Time. Take Time;;Dec 25. 2022;2021;right_only
;;Teenage Fanclub;Everything Is Falling Apart;Endless Arcade;;Dec 25. 2022;2021;right_only
;;Shout Out Louds;Shut Your Eyes;Howl Howl Gaff Gaff;;Dec 25. 2022;2005;right_only
;;Vampire Weekend;Finger Back;Finger Back;;Dec 25. 2022;2013;right_only
;;Pixies;Monkey Gone to Heaven;Monkey Gone to Heaven;;Dec 25. 2022;1989;right_only
;;My Morning Jacket;Off The Record;Z;;Dec 25. 2022;2008;right_only
;;Arcade Fire;Sprawl II (Mountains Beyond Mountains);The Suburbs;;Dec 25. 2022;2010;right_only
;;Dan Auerbach;Street Walkin';Keep It Hid;;Dec 25. 2022;2009;right_only
;;The Apples in stereo;Energy;New Magnetic Wonder;;Dec 25. 2022;2007;right_only
;;The Dead Weather;I'm Mad;I'm Mad;;Dec 25. 2022;2010;right_only
;;Peggy Scott;I Want to Love You Baby;Soul and R&b Jams!;;Dec 25. 2022;2020;right_only
;;Built To Spill;Randy Described Eternity;Randy Described Eternity;;Dec 25. 2022;1997;right_only
;;Silver Jews;Party Barge;Lookout Mountain. Lookout Sea;;Dec 25. 2022;2008;right_only
;;Kings Of Leon;Holy Roller Novocaine;Youth And Young Manhood;;Dec 25. 2022;2003;right_only
;;Yeah Yeah Yeahs;Sacrilege;Mosquito (Deluxe Version);;Dec 25. 2022;2014;right_only
;;Ty Segall;Fuzzy Cat;Singles 2007-2010;;Dec 25. 2022;2011;right_only
;;Astralasia;Realise Your Purpose;Astralogy;;Dec 25. 2022;2014;right_only
;;Okkervil River;Unless It's Kicks;The Stage Names;;Dec 22. 2022;2007;right_only
;;Pixies;The Happening;The Happening;;Dec 22. 2022;1990;right_only
;;Dinosaur Jr;Don’t Pretend You Didn’t Know;I Bet On Sky;;Dec 22. 2022;2012;right_only
;;Graham Day And The Gaolers;Glad I’m Not Young;Triple Distilled;;Dec 22. 2022;2008;right_only
;;Courtney Barnett;Scotty Says;The Double EP: A Sea of Split Peas;;Dec 22. 2022;2013;right_only
;;Ultimate Sound Effects Library;Car Sound Effects;Sound Effects Library for Internet Videos. Vol. 1;;Dec 22. 2022;2015;right_only
;;Portugal. The Man;Evil Friends;Evil Friends;;Dec 22. 2022;2013;right_only
;;Reigning Sound;Straight Shooter;The Coolest Songs In The World. Vol 1;;Dec 22. 2022;2500;right_only
;;Built To Spill;Distopian Dream Girl;There's Nothing Wrong With Love;;Dec 22. 2022;1994;right_only
;;Les Savy Fav;What Would Wolves Do?;Let's Stay Friends;;Dec 22. 2022;2007;right_only
;;Dan Auerbach;I Want Some More;I Want Some More;;Dec 22. 2022;2012;right_only
;;Arcade Fire;Rococo;The Suburbs (Deluxe);;Dec 22. 2022;2010;right_only
;;Beck;Derelict;Odelay;;Dec 22. 2022;1996;right_only
;;Ty Segall;Sweets;Singles 2007-2010;;Dec 22. 2022;2011;right_only
;;The Coathangers;Make It Right;Make It Right;;Dec 22. 2022;2016;right_only
;;The Jon Spencer Blues Explosion;Cowboy;Orange;;Dec 22. 2022;2010;right_only
;;Black Lips;Time;Time;;Dec 22. 2022;2011;right_only
;;Real Estate;Talking Backwards;Talking Backwards;;Dec 22. 2022;2014;right_only
;;Vampire Weekend;The Kids Don't Stand a Chance;The Kids Don't Stand a Chance;;Dec 22. 2022;2008;right_only
;;The Strokes;What Ever Happened?;Room On Fire;;Dec 22. 2022;2003;right_only
;;Hinds;Chili Town;Chili Town;;Dec 22. 2022;2015;right_only
;;Car Seat Headrest;Not What I Needed;Not What I Needed;;Dec 22. 2022;2016;right_only
;;Night Beats;Playing Dead;Sonic Bloom;;Dec 22. 2022;2013;right_only
;;The Black Keys;Remember When (Side B);Remember When (Side B);;Dec 22. 2022;2019;right_only
;;Radiohead;The National Anthem;The Best Of;;Dec 22. 2022;2008;right_only
;;Eels;Bombs Away;Bombs Away;;Dec 22. 2022;2013;right_only
;;Parquet Courts;Dust;Dust;;Dec 22. 2022;2016;right_only
;;Shopping;Wind Up;Why Choose;;Dec 22. 2022;2015;right_only
;;Violent Femmes;Mirror Mirror (I See A Damsel);New Times;;Dec 22. 2022;2021;right_only
;;James and The Ultrasounds;Sleep Cheap;Bad To Be Here;;Dec 22. 2022;2015;right_only
;;Okkervil River;Unless It's Kicks;The Stage Names;;Dec 18. 2022;2007;right_only
;;Pixies;The Happening;The Happening;;Dec 18. 2022;1990;right_only
;;Dinosaur Jr;Don’t Pretend You Didn’t Know;I Bet On Sky;;Dec 18. 2022;2012;right_only
;;Graham Day And The Gaolers;Glad I’m Not Young;Triple Distilled;;Dec 18. 2022;2008;right_only
;;Courtney Barnett;Scotty Says;The Double EP: A Sea of Split Peas;;Dec 18. 2022;2013;right_only
;;Portugal. The Man;Evil Friends;Evil Friends;;Dec 18. 2022;2013;right_only
;;Reigning Sound;Straight Shooter;The Coolest Songs In The World. Vol 1;;Dec 18. 2022;2500;right_only
;;Built To Spill;Distopian Dream Girl;There's Nothing Wrong With Love;;Dec 18. 2022;1994;right_only
;;Les Savy Fav;What Would Wolves Do?;Let's Stay Friends;;Dec 18. 2022;2007;right_only
;;Dan Auerbach;I Want Some More;Keep It Hid;;Dec 18. 2022;2021;right_only
;;Arcade Fire;Rococo;The Suburbs (Deluxe);;Dec 18. 2022;2010;right_only
;;Beck;Derelict;Odelay;;Dec 18. 2022;1996;right_only
;;Superchunk;Low F;I Hate Music;;Dec 18. 2022;2013;right_only
;;Ty Segall;Sweets;Singles 2007-2010;;Dec 18. 2022;2011;right_only
;;The Coathangers;Make It Right;Make It Right;;Dec 18. 2022;2016;right_only
;;The Jon Spencer Blues Explosion;Cowboy;Orange;;Dec 18. 2022;2010;right_only
;;Black Lips;Time;Arabia Mountain;;Dec 18. 2022;2011;right_only
;;Real Estate;Talking Backwards;Talking Backwards;;Dec 18. 2022;2014;right_only
;;Vampire Weekend;The Kids Don't Stand a Chance;The Kids Don't Stand a Chance;;Dec 18. 2022;2008;right_only
;;The Strokes;What Ever Happened?;Room On Fire;;Dec 18. 2022;2003;right_only
;;Hinds;Chili Town;Chili Town;;Dec 18. 2022;2015;right_only
;;Car Seat Headrest;Not What I Needed;Not What I Needed;;Dec 18. 2022;2016;right_only
;;Night Beats;Playing Dead;Sonic Bloom;;Dec 18. 2022;2013;right_only
;;The Black Keys;Remember When (Side B);Remember When (Side B);;Dec 18. 2022;2019;right_only
;;Eels;Bombs Away;Bombs Away;;Dec 18. 2022;2013;right_only
;;Parquet Courts;Dust;Dust;;Dec 18. 2022;2016;right_only
;;Shopping;Wind Up;Why Choose;;Dec 18. 2022;2015;right_only
;;Violent Femmes;Mirror Mirror (I See A Damsel);New Times;;Dec 18. 2022;2021;right_only
;;James and The Ultrasounds;Sleep Cheap;Bad To Be Here;;Dec 18. 2022;2015;right_only
;;The Jesus and Mary Chain;Head On;21 Singles;;Dec 15. 2022;2002;right_only
;;Eels;Last Stop: This Town;Meet The EELS: Essential EELS 1996-2006 Vol. 1;;Dec 15. 2022;2008;right_only
;;The Shins;So Says I;So Says I;;Dec 15. 2022;2008;right_only
;;Letters to Cleo;Here And Now;Aurora Gory Alice;;Dec 15. 2022;2008;right_only
;;James and The Ultrasounds;Letters In A Box;Bad To Be Here;;Dec 15. 2022;2015;right_only
;;Kevin Morby;This Is A Photograph;This Is A Photograph;;Dec 15. 2022;2022;right_only
;;The Amps;Mom's Drunk;Mom's Drunk;;Dec 15. 2022;1995;right_only
;;Pavement;Harness Your Hopes;Brighten the Corners (Nicene Creedence Ed.) (Deluxe Edition);;Dec 15. 2022;2008;right_only
;;Beck;E-Pro;Guero;;Dec 15. 2022;2010;right_only
;;Alvvays;Plimsoll Punks;Antisocialites;;Dec 15. 2022;2017;right_only
;;alt-J;U&ME;U&ME;;Dec 15. 2022;2021;right_only
;;Horsegirl;Anti-glory;Anti-glory;;Dec 15. 2022;2022;right_only
;;Bass Drum of Death;Crawling After You;Bass Drum of Death;;Dec 15. 2022;2013;right_only
;;Parquet Courts;Human Performance;Human Performance;;Dec 15. 2022;2016;right_only
;;Shopping;Wild Child;The Official Body;;Dec 15. 2022;2017;right_only
;;Adia Victoria;Dead Eyes;Beyond The Bloodhounds;;Dec 15. 2022;2016;right_only
;;Beat Happening;Indian Summer;Look Around;;Dec 15. 2022;2015;right_only
;;Belle and Sebastian;The Party Line;The Party Line;;Dec 15. 2022;2014;right_only
;;Best Coast;Our Deal;Crazy For You;;Dec 15. 2022;2012;right_only
;;Angry Angles;Things Are Moving;Things Are Moving;;Dec 15. 2022;2016;right_only
;;Broncho;Taj Mahal;Just Enough Hip To Be Woman;;Dec 15. 2022;2014;right_only
;;Car Seat Headrest;My Boy;My Boy;;Dec 15. 2022;2018;right_only
;;The Decemberists;Easy Come. Easy Go;Easy Come. Easy Go;;Dec 15. 2022;2015;right_only
;;Dinosaur Jr.;Tiny;Tiny;;Dec 15. 2022;2016;right_only
;;Eddy Current Suppression Ring;Medieval Wall;All in Good Time;;Dec 15. 2022;2019;right_only
;;Hinds;Finally Floating;I Don't Run;;Dec 15. 2022;2018;right_only
;;Guided By Voices;Striped White Jets;Striped White Jets;;Dec 15. 2022;1995;right_only
;;Interpol;Obstacle 1 (Remastered);Turn on the Bright Lights (Tenth Anniversary Edition);;Dec 15. 2022;2012;right_only
;;The Jon Spencer Blues Explosion;Bellbottoms;Dirty Shirt Rock 'N' Roll: The First Ten Years;;Dec 15. 2022;2014;right_only
;;La Luz;Call Me In the Day;Damp Face EP;;Dec 15. 2022;2013;right_only
;;Neutral Milk Hotel;In the Aeroplane Over the Sea;In the Aeroplane Over the Sea;;Dec 15. 2022;1998;right_only
;;The Olivia Tremor Control;Hideaway;Black Foliage: Animation Music;;Dec 15. 2022;2004;right_only
;;Ezra Furman;Thermometer;Twelve Nudes;;Dec 15. 2022;2019;right_only
;;Pixies;Gigantic;Gigantic;;Dec 15. 2022;2004;right_only
;;The Jesus and Mary Chain;Head On;21 Singles;;Dec 15. 2022;2002;right_only
;;Wet Leg;Wet Dream;Wet Dream;;Dec 11. 2022;2021;right_only
;;Weezer;My Name Is Jonas;Blue/Green/Red;;Dec 11. 2022;2014;right_only
;;The Cairo Gang;Be What You Are;Goes Missing;;Dec 11. 2022;2015;right_only
;;Ween;Captain Fantasy;Live at Stubb's;;Dec 11. 2022;2003;right_only
;;The War On Drugs;Red Eyes;Red Eyes;;Dec 11. 2022;2013;right_only
;;The Walkmen;Heartbreaker;Heaven;;Dec 11. 2022;2012;right_only
;;Violent Femmes;Gone Daddy Gone;Permanent Record: The Very Best Of The Violent Femmes;;Dec 11. 2022;2014;right_only
;;Veruca Salt;Seether;90s Rock Gold;;Dec 11. 2022;2009;right_only
;;Mitski;Cop Car;The Turning (Original Motion Picture Soundtrack);;Dec 11. 2022;2020;right_only
;;Stef Chura;17th Amendment;27: The Most Perfect Album;;Dec 11. 2022;2018;right_only
;;Supersuckers;Coattail Rider;Coattail Rider;;Dec 11. 2022;2008;right_only
;;The Grifters;Parting Shot;Parting Shot;;Dec 11. 2022;2008;right_only
;;The White Stripes;Party of Special Things to Do;Party of Special Things to Do;;Dec 11. 2022;2015;right_only
;;Black Lips;Disconnection;Disconnection;;Dec 11. 2022;2009;right_only
;;Vampire Weekend;Step;Step;;Dec 11. 2022;2013;right_only
;;The Vaccines;Teenage Icon;Teenage Icon;;Dec 11. 2022;2012;right_only
;;Uncle Tupelo;New Madrid;Uncle Tupelo 89/93: An Anthology;;Dec 11. 2022;2002;right_only
;;David Cleveland (BMI) 100%;Just How I Feel;Acoustic Breeze;;Dec 11. 2022;2002;right_only
;;Ultra Orange;Don't Kiss Me Goodbye;Ultra Orange & Emmanuelle (Digital Deluxe Edition);;Dec 11. 2022;2007;right_only
;;alt-J;Left Hand Free;Left Hand Free;;Dec 11. 2022;2014;right_only
;;The Amps;Tipp City;Tipp City;;Dec 11. 2022;1995;right_only
;;Arcade Fire;Neighborhood #1 (Tunnels);Funeral;;Dec 11. 2022;2017;right_only
;;Arctic Monkeys;Do I Wanna Know?;AM;;Dec 11. 2022;2013;right_only
;;Band Of Horses;Ode to LRC;Cease to Begin;;Dec 11. 2022;2007;right_only
;;Bass Drum of Death;White Fright;Bass Drum of Death;;Dec 11. 2022;2013;right_only
;;Best Coast;The End;Crazy For You;;Dec 11. 2022;2012;right_only
;;Blur;Song 2;Blur: The Best Of;;Dec 11. 2022;2000;right_only
;;Blushh;I’m Over It;Thx 4 Asking;;Dec 11. 2022;2018;right_only
;;Broken Bells;The High Road;Broken Bells;;Dec 11. 2022;2010;right_only
;;Built to Spill;Strange;Ancient Melodies Of The Future;;Dec 11. 2022;2001;right_only
;;Car Seat Headrest;Can't Cool Me Down;Can't Cool Me Down;;Dec 11. 2022;2020;right_only
;;Courtney Barnett;Canned Tomatoes;The Double EP: A Sea of Split Peas;;Dec 11. 2022;2013;right_only
;;Oregon Bike Trails;Cayucos;HairBrained (Original Motion Picture Soundtrack);;Dec 11. 2022;2014;right_only
;;Astralasia;Realise Your Purpose;Astralogy;;Dec 11. 2022;2014;right_only
;;Cold War Kids;Every Valley Is Not A Lake;Loyalty To Loyalty;;Dec 11. 2022;2016;right_only
;;Robert Allen Parker;Copperhead Boogie;The River's Invitation;;Dec 8. 2022 ;2021;right_only
;;Wet Leg;Wet Dream;Wet Dream;;Dec 8. 2022 ;2021;right_only
;;Weezer;My Name Is Jonas;Blue/Green/Red;;Dec 8. 2022 ;2014;right_only
;;The Cairo Gang;Be What You Are;Goes Missing;;Dec 8. 2022 ;2015;right_only
;;Ween;Captain Fantasy;Live at Stubb's;;Dec 8. 2022 ;2003;right_only
;;The War On Drugs;Red Eyes;Red Eyes;;Dec 8. 2022 ;2013;right_only
;;The Walkmen;Heartbreaker;Heaven;;Dec 8. 2022 ;2012;right_only
;;Veruca Salt;Seether;90s Rock Gold;;Dec 8. 2022 ;2009;right_only
;;Mitski;Cop Car;The Turning (Original Motion Picture Soundtrack);;Dec 8. 2022 ;2020;right_only
;;Stef Chura;17th Amendment;27: The Most Perfect Album;;Dec 8. 2022 ;2018;right_only
;;Supersuckers;Coattail Rider;Coattail Rider;;Dec 8. 2022 ;2008;right_only
;;The Grifters;Parting Shot;Parting Shot;;Dec 8. 2022 ;2008;right_only
;;The White Stripes;Party of Special Things to Do;Party of Special Things to Do;;Dec 8. 2022 ;2015;right_only
;;Vampire Weekend;Step;Step;;Dec 8. 2022 ;2013;right_only
;;The Vaccines;Teenage Icon;Teenage Icon;;Dec 8. 2022 ;2012;right_only
;;Uncle Tupelo;New Madrid;Uncle Tupelo 89/93: An Anthology;;Dec 8. 2022 ;2002;right_only
;;Ultra Orange;Don't Kiss Me Goodbye;Ultra Orange & Emmanuelle (Digital Deluxe Edition);;Dec 8. 2022 ;2007;right_only
;;alt-J;Left Hand Free;Left Hand Free;;Dec 8. 2022 ;2014;right_only
;;Alex The Astronaut;I Think You’re Great;triple j’s Hottest 100. Vol. 28;;Dec 8. 2022 ;2021;right_only
;;The Amps;Tipp City;Tipp City;;Dec 8. 2022 ;1995;right_only
;;Arcade Fire;Neighborhood #1 (Tunnels);Funeral;;Dec 8. 2022 ;2017;right_only
;;Arctic Monkeys;Do I Wanna Know?;AM;;Dec 8. 2022 ;2013;right_only
;;Band Of Horses;Ode to LRC;Cease to Begin;;Dec 8. 2022 ;2007;right_only
;;Bass Drum of Death;White Fright;Bass Drum of Death;;Dec 8. 2022 ;2013;right_only
;;Best Coast;The End;Crazy For You;;Dec 8. 2022 ;2012;right_only
;;Blushh;I’m Over It;Thx 4 Asking;;Dec 8. 2022 ;2018;right_only
;;Broken Bells;The High Road;Broken Bells;;Dec 8. 2022 ;2010;right_only
;;Built to Spill;Strange;Ancient Melodies Of The Future;;Dec 8. 2022 ;2001;right_only
;;Car Seat Headrest;Can't Cool Me Down;Can't Cool Me Down;;Dec 8. 2022 ;2020;right_only
;;Courtney Barnett;Canned Tomatoes;The Double EP: A Sea of Split Peas;;Dec 8. 2022 ;2013;right_only
;;Oregon Bike Trails;Cayucos;HairBrained (Original Motion Picture Soundtrack);;Dec 8. 2022 ;2014;right_only
;;Cold War Kids;Every Valley Is Not A Lake;Loyalty To Loyalty;;Dec 8. 2022 ;2016;right_only
;;The Shins;Australia;Australia (CD);;Dec 4. 2022 ;2007;right_only
;;Modest Mouse;Ocean Breathes Salty (Album Version);Good News For People Who Love Bad News;;Dec 4. 2022 ;2004;right_only
;;The Dead Weather;So Far from Your Weapon;Horehound;;Dec 4. 2022 ;2500;right_only
;;Sebadoh;Willing To Wait;Willing To Wait;;Dec 4. 2022 ;2006;right_only
;;Tijuana Panthers;Advice;EP;;Dec 4. 2022 ;2008;right_only
;;Ty Segall;Drug Mugger;Mr. Face;;Dec 4. 2022 ;2015;right_only
;;Pixies;Debaser;Death To The Pixies;;Dec 4. 2022 ;1997;right_only
;;The Jon Spencer Blues Explosion;Cowboy;Orange;;Dec 4. 2022 ;2010;right_only
;;King Khan & the Shrines;Born to Die;Idle No More;;Dec 4. 2022 ;2013;right_only
;;Black Lips;Cold Hands;Good Bad Not Evil;;Dec 4. 2022 ;2007;right_only
;;Twerps;I Don't Mind;Range Anxiety;;Dec 4. 2022 ;2015;right_only
18384.0;1100;PJ Harvey;Down By The Water;To Bring You My Love;1995;Dec 4. 2022 ;1995;both
;;Limes;Merrilly;Tarantula! / Blue Blood;;Dec 4. 2022 ;2011;right_only
;;Matthew Sweet;Sick of Myself;Platinum & Gold Collection;;Dec 4. 2022 ;1995;right_only
;;Hinds;Bamboo;Demo;;Dec 4. 2022 ;2014;right_only
;;Pavement;Elevate Me Later;Elevate Me Later;;Dec 4. 2022 ;2004;right_only
;;The Black Keys;She Said. She Said;The Big Come Up;;Dec 4. 2022 ;2008;right_only
;;Cherry Glazerr;Nurse Ratched;Nurse Ratched;;Dec 4. 2022 ;2016;right_only
;;Blondie;One Way Or Another (2001 - Remaster);One Way Or Another;;Dec 4. 2022 ;2013;right_only
;;Crocodiles;I Wanna Kill;Summer of Hate (Bonus Track Version);;Dec 4. 2022 ;2014;right_only
;;Broken Bells;The Ghost Inside;Broken Bells;;Dec 4. 2022 ;2010;right_only
;;Car Seat Headrest;Vincent;Vincent;;Dec 4. 2022 ;2016;right_only
;;Broncho;Deena;Just Enough Hip To Be Woman;;Dec 4. 2022 ;2014;right_only
;;Built To Spill;Sidewalk;Sidewalk;;Dec 4. 2022 ;1999;right_only
;;Courtney Barnett;Nobody Really Cares If You Don't Go To The Party;Sometimes I Sit And Think. And Sometimes I Just Sit;;Dec 4. 2022 ;2015;right_only
;;Radiohead;Man of War;Man of War;;Dec 4. 2022 ;2017;right_only
;;The White Stripes;Rag and Bone;Rag and Bone;;Dec 4. 2022 ;2020;right_only
;;Ne-Hi;Since I've Been Thinking;NE-HI;;Dec 4. 2022 ;2014;right_only
;;Neutral Milk Hotel;You've Passed;On Avery Island;;Dec 4. 2022 ;1996;right_only
;;Tacocat;The Internet;Lost Time;;Dec 4. 2022 ;2016;right_only
;;Frankie Cosmos;On the Lips;On the Lips;;Dec 4. 2022 ;2016;right_only
;;The Coathangers;Down Down;Nosebleed Weekend;;Dec 4. 2022 ;2016;right_only
;;The Unicorns;I Was Born (A Unicorn);Who Will Cut Our Hair When We're Gone? (Remastered);;Dec 4. 2022 ;2014;right_only
;;Astralasia;Realise Your Purpose;Astralogy;;Dec 4. 2022 ;2014;right_only
;;The Shins;Australia;Australia (CD);;Dec 1. 2022 ;2007;right_only
;;Modest Mouse;Ocean Breathes Salty (Album Version);Good News For People Who Love Bad News;;Dec 1. 2022 ;2004;right_only
;;The Dead Weather;So Far from Your Weapon;So Far from Your Weapon;;Dec 1. 2022 ;2009;right_only
;;Sebadoh;Willing To Wait;Willing To Wait;;Dec 1. 2022 ;2006;right_only
;;Tijuana Panthers;Advice;EP;;Dec 1. 2022 ;2008;right_only
;;Ty Segall;Drug Mugger;Mr. Face;;Dec 1. 2022 ;2015;right_only
;;Pixies;Debaser;Death To The Pixies;;Dec 1. 2022 ;1997;right_only
;;The Jon Spencer Blues Explosion;Cowboy;Orange;;Dec 1. 2022 ;2010;right_only
;;King Khan & The Shrines;Born to Die;Idle No More;;Dec 1. 2022 ;2013;right_only
;;Black Lips;Cold Hands;Good Bad Not Evil;;Dec 1. 2022 ;2007;right_only
;;Twerps;I Don't Mind;Range Anxiety;;Dec 1. 2022 ;2015;right_only
18384.0;1100;PJ Harvey;Down By The Water;To Bring You My Love;1995;Dec 1. 2022 ;1995;both
;;Limes;Merrilly;Tarantula! / Blue Blood;;Dec 1. 2022 ;2011;right_only
;;Matthew Sweet;Sick of Myself;Platinum & Gold Collection;;Dec 1. 2022 ;1995;right_only
;;Hinds;Bamboo;Demo;;Dec 1. 2022 ;2014;right_only
;;Pavement;Elevate Me Later;Elevate Me Later;;Dec 1. 2022 ;2004;right_only
;;The Black Keys;She Said. She Said;The Big Come Up;;Dec 1. 2022 ;2008;right_only
;;Cherry Glazerr;Nurse Ratched;Nurse Ratched;;Dec 1. 2022 ;2016;right_only
;;Blondie;One Way Or Another (2001 - Remaster);One Way Or Another;;Dec 1. 2022 ;2013;right_only
;;Crocodiles;I Wanna Kill;Summer of Hate (Bonus Track Version);;Dec 1. 2022 ;2014;right_only
;;Broken Bells;The Ghost Inside;The Ghost Inside;;Dec 1. 2022 ;2010;right_only
;;Car Seat Headrest;Vincent;Vincent;;Dec 1. 2022 ;2016;right_only
;;BRONCHO;Deena;Just Enough Hip to Be Woman;;Dec 1. 2022 ;2014;right_only
;;Built To Spill;Sidewalk;Sidewalk;;Dec 1. 2022 ;1999;right_only
;;Courtney Barnett;Nobody Really Cares If You Don't Go To The Party;Sometimes I Sit And Think. And Sometimes I Just Sit;;Dec 1. 2022 ;2015;right_only
;;Radiohead;Man of War;Man of War;;Dec 1. 2022 ;2017;right_only
;;The White Stripes;Rag And Bone;Rag And Bone;;Dec 1. 2022 ;2007;right_only
;;Ne-Hi;Since I've Been Thinking;NE-HI;;Dec 1. 2022 ;2014;right_only
;;Neutral Milk Hotel;You've Passed;On Avery Island;;Dec 1. 2022 ;1996;right_only
;;Tacocat;The Internet;Lost Time;;Dec 1. 2022 ;2016;right_only
;;Frankie Cosmos;On the Lips;On the Lips;;Dec 1. 2022 ;2016;right_only
;;The Unicorns;I Was Born (A Unicorn);Who Will Cut Our Hair When We're Gone? (Remastered);;Dec 1. 2022 ;2014;right_only
;;CAKE;The Distance;Fashion Nugget;;Nov 27. 2022;2001;right_only
;;R.E.M.;Supernatural Superserious;Accelerate (Standard Version);;Nov 27. 2022;2008;right_only
;;Black Lips;Go out and Get It;Arabia Mountain;;Nov 27. 2022;2011;right_only
;;Superchunk;Me & You & Jackie Mittoo;I Hate Music;;Nov 27. 2022;2013;right_only
;;Built to Spill;Get A Life;Ultimate Alternative Wavers;;Nov 27. 2022;1993;right_only
;;Yoko and the Oh No's;She Ain't Mine;Yoko and the Oh No's;;Nov 27. 2022;2015;right_only
;;Wolf Parade;Modern World;Apologies To The Queen Mary;;Nov 27. 2022;2005;right_only
;;Yo La Tengo;Big Day Coming;Big Day Coming;;Nov 27. 2022;1993;right_only
;;Ty Segall;Shoot You Up;Freedom's Goblin;;Nov 27. 2022;2018;right_only
;;Vampire Weekend;Run;Run;;Nov 27. 2022;2010;right_only
;;Twin Peaks;Keep It Together;Down In Heaven;;Nov 27. 2022;2016;right_only
;;Jay Reatard;Oh It's Such a Shame;Blood Visions;;Nov 27. 2022;2009;right_only
;;Tapes ‘n Tapes;Insistor;The Loon;;Nov 27. 2022;2006;right_only
;;Tame Impala;Solitude Is Bliss;Hits 2010;;Nov 27. 2022;2019;right_only
;;Talking Heads;Sugar on My Tongue (2003 Remaster);Sugar on My Tongue (Remastered);;Nov 27. 2022;2014;right_only
;;The White Stripes;I Can't Wait;I Can't Wait;;Nov 27. 2022;2001;right_only
;;Supergrass;Alright;Lol;;Nov 27. 2022;2009;right_only
;;Spookyland;Discipline;Beauty Already Beautiful;;Nov 27. 2022;2016;right_only
;;Sonic Youth;Junkie's Promise;Washing Machine;;Nov 27. 2022;1995;right_only
;;Sleater-Kinney;Bury Our Friends;Bury Our Friends;;Nov 27. 2022;2015;right_only
;;Parquet Courts;Dust;Dust;;Nov 27. 2022;2016;right_only
;;Chastity Belt;It's Obvious;I Used to Spend So Much Time Alone;;Nov 27. 2022;2017;right_only
;;Jon Spencer Blues Explosion;The Midnight Creep;Plastic Fang;;Nov 27. 2022;2002;right_only
;;Radiohead;There. There;There. There;;Nov 27. 2022;2003;right_only
;;Wilco;Kamera;Kamera;;Nov 27. 2022;2002;right_only
;;Vivian Girls;Lake House;Share the Joy;;Nov 27. 2022;2016;right_only
25587.0;1100;Violent Femmes;Gimme The Car;Violent Femmes;1982;Nov 27. 2022;2021;both
;;My Morning Jacket;First Light;Circuital;;Nov 27. 2022;2011;right_only
;;Okkervil River;Unless It's Kicks;The Stage Names;;Nov 27. 2022;2007;right_only
;;The Breeders;Drivin' on 9;Drivin' on 9;;Nov 27. 2022;1993;right_only
;;Tobin Sprout;Future Boy Today / Man of Tomorrow;Future Boy Today / Man of Tomorrow;;Nov 27. 2022;2016;right_only
;;The Kills;Ticket Man;No Wow;;Nov 27. 2022;2005;right_only
;;Astralasia;Realise Your Purpose;Astralogy;;Nov 27. 2022;2014;right_only
;;Car Seat Headrest;My Boy;My Boy;;Nov 27. 2022;2018;right_only
;;The Alternative Strike;Loser;The Marvelous Superhero: Jessica Jones;;Nov 24. 2022;2016;right_only
;;Beach Bunny;Cloud 9;Cloud 9;;Nov 24. 2022;2020;right_only
;;The Clean;Anything Could Happen;Anthology;;Nov 24. 2022;2003;right_only
;;The National;Bloodbuzz Ohio;Bloodbuzz Ohio;;Nov 24. 2022;2010;right_only
;;Goodgirl;Alienation;Poor Habits;;Nov 24. 2022;2019;right_only
;;Twin Peaks;Making Breakfast;Wild Onion;;Nov 24. 2022;2014;right_only
;;The Brian Jonestown Massacre;Anenome;Harbour Boat Trips. Vol. 01 Copenhagen (Mixed by Trentemøller);;Nov 24. 2022;2009;right_only
;;Night Beats;H-Bomb (Live At Valentine);Live At Valentine;;Nov 24. 2022;2022;right_only
;;Dehd;Eggshells;Eggshells;;Nov 24. 2022;2022;right_only
;;BRONCHO;Easy Way Out;Bad Behavior;;Nov 24. 2022;2018;right_only
;;Cloud Nothings;Wasted Days;Attack On Memory;;Nov 24. 2022;2012;right_only
;;Allah-Las;Polar Onion;LAHS;;Nov 24. 2022;2019;right_only
;;Weezer;Undone -- The Sweater Song;Weezer;;Nov 24. 2022;2004;right_only
;;Delta Spirit;People C'Mon;Music From and Inspired By The Big C;;Nov 24. 2022;2011;right_only
;;My Morning Jacket;Mahgeetah;It Still Moves;;Nov 24. 2022;2003;right_only
;;Neutral Milk Hotel;Everything Is;Everything Is;;Nov 24. 2022;2001;right_only
;;Parquet Courts;Dust;Dust;;Nov 24. 2022;2016;right_only
;;Veruca Salt;The Museum of Broken Relationships;Ghost Notes;;Nov 24. 2022;2015;right_only
;;Violent Femmes;He Likes Me;Why Do Birds Sing? (Deluxe Edition);;Nov 24. 2022;2021;right_only
;;Vampire Weekend;Campus (Album);Vampire Weekend;;Nov 24. 2022;2008;right_only
;;Yo La Tengo;Autumn Sweater;Prisoners of Love - A Smattering of Scintillating Senescent Songs 1985-2003;;Nov 24. 2022;2005;right_only
;;Wolf Parade;Shine A LIght;Apologies To The Queen Mary;;Nov 24. 2022;2005;right_only
;;Wilco;Wilco (The Song);Wilco (The Song);;Nov 24. 2022;2009;right_only
;;The White Stripes;Catch Hell Blues;Catch Hell Blues;;Nov 24. 2022;2007;right_only
;;Voxtrot;The Start Of Something;Raised By Wolves EP;;Nov 24. 2022;2005;right_only
;;Vivian Girls;I Can't Stay;I Can't Stay;;Nov 24. 2022;2008;right_only
;;Teenage Fanclub;Star Sign;Original Album Classics;;Nov 24. 2022;2012;right_only
;;Talking Heads;Sugar on My Tongue (2003 Remaster);Sugar on My Tongue (Remastered);;Nov 24. 2022;2014;right_only
2184.0;1100;Beck;Loser;Mellow Gold;1994;Nov 20. 2022;1994;both
;;Beach Bunny;Cloud 9;Cloud 9;;Nov 20. 2022;2020;right_only
;;The Clean;Anything Could Happen;Anthology;;Nov 20. 2022;2003;right_only
;;The National;Bloodbuzz Ohio;Bloodbuzz Ohio;;Nov 20. 2022;2010;right_only
;;Goodgirl;Alienation;Poor Habits;;Nov 20. 2022;2019;right_only
;;Twin Peaks;Making Breakfast;Wild Onion;;Nov 20. 2022;2014;right_only
;;The Brian Jonestown Massacre;Anenome;Harbour Boat Trips. Vol. 01 Copenhagen (Mixed by Trentemøller);;Nov 20. 2022;2009;right_only
;;The Orwells;Buddy;Buddy;;Nov 20. 2022;2016;right_only
;;Night Beats;H-Bomb (Live At Valentine);Live At Valentine;;Nov 20. 2022;2022;right_only
;;Dehd;Eggshells;Eggshells;;Nov 20. 2022;2022;right_only
;;BRONCHO;Easy Way Out;Bad Behavior;;Nov 20. 2022;2018;right_only
;;Cloud Nothings;Wasted Days;Attack On Memory;;Nov 20. 2022;2012;right_only
;;Allah-Las;Polar Onion;LAHS;;Nov 20. 2022;2019;right_only
;;Weezer;Undone -- The Sweater Song;Weezer;;Nov 20. 2022;2004;right_only
;;Delta Spirit;People C'Mon;Music From and Inspired By The Big C;;Nov 20. 2022;2011;right_only
;;My Morning Jacket;Mahgeetah;It Still Moves;;Nov 20. 2022;2003;right_only
;;Neutral Milk Hotel;Everything Is;Everything Is;;Nov 20. 2022;2001;right_only
;;Parquet Courts;Dust;Dust;;Nov 20. 2022;2016;right_only
;;Veruca Salt;The Museum of Broken Relationships;Ghost Notes;;Nov 20. 2022;2015;right_only
;;Violent Femmes;He Likes Me;Why Do Birds Sing?;;Nov 20. 2022;2011;right_only
;;Wolf Parade;Shine A LIght;Apologies To The Queen Mary;;Nov 20. 2022;2005;right_only
;;Wilco;Wilco (The Song);Wilco (The Song);;Nov 20. 2022;2009;right_only
;;The White Stripes;Catch Hell Blues;Catch Hell Blues;;Nov 20. 2022;2007;right_only
;;Voxtrot;The Start Of Something;Raised By Wolves EP;;Nov 20. 2022;2005;right_only
;;Vivian Girls;I Can't Stay;I Can't Stay;;Nov 20. 2022;2008;right_only
;;Teenage Fanclub;Star Sign;Original Album Classics;;Nov 20. 2022;2012;right_only
;;Talking Heads;Sugar on My Tongue (2003 Remaster);Sugar on My Tongue (Remastered);;Nov 20. 2022;2014;right_only
;;The Replacements;Can't Hardly Wait;Pleased To Meet Me [Expanded Edition];;Nov 20. 2022;2008;right_only
;;Astralasia;Realise Your Purpose;Astralogy;;Nov 20. 2022;2014;right_only
;;Vampire Weekend;M79;M79;;Nov 17. 2022;2008;right_only
;;Oblivians;Bald Headed Woman;Best of the Worst (93-97);;Nov 17. 2022;2012;right_only
;;Lucy Dacus;Hot & Heavy;Hot & Heavy;;Nov 17. 2022;2021;right_only
;;Limes;Poor Boy;Tarantula! / Blue Blood;;Nov 17. 2022;2011;right_only
;;Courtney Barnett;Rae Street;Things Take Time. Take Time;;Nov 17. 2022;2021;right_only
;;Ultimate Sound Effects Library;Car Sound Effects;Sound Effects Library for Internet Videos. Vol. 1;;Nov 17. 2022;2015;right_only
;;Guided By Voices;Mincer Ray;Bee Thousand;;Nov 17. 2022;2005;right_only
;;Hanni El Khatib;Black Constellation;Savage Times;;Nov 17. 2022;2017;right_only
;;Weaves;Drag Me Down;Drag Me Down;;Nov 17. 2022;2018;right_only
;;Ween;Captain Fantasy;Live at Stubb's;;Nov 17. 2022;2003;right_only
;;Neutral Milk Hotel;Tuesday Moon;Everything Is;;Nov 17. 2022;2001;right_only
;;Tacocat;You Can't Fire Me. I Quit;Lost Time;;Nov 17. 2022;2016;right_only
;;Pixies;Vamos;Vamos;;Nov 17. 2022;1988;right_only
;;Radiohead;Paranoid Android;The Best Of;;Nov 17. 2022;2008;right_only
;;The Unicorns;I Was Born (A Unicorn);Who Will Cut Our Hair When We're Gone? (Remastered);;Nov 17. 2022;2014;right_only
;;Vivian Girls;Sick;Sick;;Nov 17. 2022;2019;right_only
;;Rolling Blackouts Coastal Fever;Talking Straight;Talking Straight;;Nov 17. 2022;2018;right_only
;;Salad Boys;Psych Slasher;Psych Slasher;;Nov 17. 2022;2017;right_only
;;Nice As Fuck;Runaway;Nice As Fuck;;Nov 17. 2022;2016;right_only
;;Tee Rain;Windows Remix (Beat);Windows Remix (Beat);;Nov 17. 2022;2009;right_only
;;The Rapture;Out Of The Races And Onto The Tracks (Album);Out Of The Races And Onto The Tracks;;Nov 17. 2022;2016;right_only
;;Arcade Fire;Creature Comfort;Creature Comfort;;Nov 17. 2022;2017;right_only
;;Jagwar Ma;That Loneliness;Howlin;;Nov 17. 2022;2013;right_only
;;Pavement;We Are Underused;We Are Underused;;Nov 17. 2022;2008;right_only
;;Frankie Cosmos;Cafeteria;Vessel;;Nov 17. 2022;2018;right_only
;;The Men;Water Babies;Electric b/w Water Babies;;Nov 17. 2022;2013;right_only
;;Django Django;Shake and Tremble;Shake and Tremble;;Nov 17. 2022;2015;right_only
;;Father John Misty;Disappointing Diamonds Are the Rarest of Them All;Disappointing Diamonds Are the Rarest of Them All;;Nov 17. 2022;2018;right_only
;;Ron Gallo;It's All Gonna Be OK;Stardust Birthday Party;;Nov 17. 2022;2018;right_only
;;The White Stripes;Party of Special Things to Do;Party of Special Things to Do;;Nov 17. 2022;2015;right_only
;;La Luz;T.V. Dream;Suicide Squeeze Records Presents Forever Singles;;Nov 17. 2022;2014;right_only
;;The Flaming Lips;Sun Blows Up Today;Sun Blows Up Today (Non-Album Bonus Track);;Nov 17. 2022;2013;right_only
;;The Feelies;Everybody's Got Something To Hide (Except Me And My Monkey);Everybody's Got Something To Hide (Except Me And My Monkey);;Nov 17. 2022;2009;right_only
;;Beach Bunny;Dream Boy;Dream Boy;;Nov 13. 2022;2019;right_only
;;Sylvan Esso;Radio;Indie Summer;;Nov 13. 2022;2019;right_only
;;Bon Iver;For Emma;For Emma. Forever Ago;;Nov 13. 2022;2008;right_only
;;Housewife;I'm Spent;I'm Spent;;Nov 13. 2022;2022;right_only
;;The War On Drugs;Oceans of Darkness;Oceans of Darkness;;Nov 13. 2022;2022;right_only
;;Vampire Weekend;Ya Hey;Ya Hey;;Nov 13. 2022;2013;right_only
;;Oasis;Don't Look Back In Anger;Stop The Clocks;;Nov 13. 2022;2008;right_only
;;Beach Weather;Sex. Drugs. Etc.;Chit Chat;;Nov 13. 2022;2016;right_only
;;Band of Horses;The Funeral;Digital Bang: Sub Pop’s Amazon Sampler;;Nov 13. 2022;2010;right_only
;;Plains;Problem With It;Problem With It;;Nov 13. 2022;2022;right_only
;;Arctic Monkeys;Fluorescent Adolescent;Favourite Worst Nightmare;;Nov 13. 2022;2007;right_only
;;Broken Bells;Saturdays;Into The Blue;;Nov 13. 2022;2022;right_only
;;Archers of Loaf;Web in Front;Icky Mettle (Deluxe Reissue);;Nov 13. 2022;2011;right_only
;;The Dandy Warhols;Godless;Thirteen Tales From Urban Bohemia;;Nov 13. 2022;2009;right_only
;;Talking Heads;Psycho Killer (Remastered Album Version );The Best Of Talking Heads;;Nov 13. 2022;2004;right_only
;;Beat Happening;Indian Summer;Look Around;;Nov 13. 2022;2015;right_only
;;Adia Victoria;Different Kind Of Love;Different Kind Of Love;;Nov 13. 2022;2019;right_only
;;Radiohead;Optimistic;Kid A;;Nov 13. 2022;2000;right_only
;;Arcade Fire;My Body Is a Cage;Neon Bible;;Nov 13. 2022;2017;right_only
;;Parquet Courts;Slide Machine;Slide Machine;;Nov 13. 2022;2014;right_only
;;Violent Femmes;Out The Window;Why Do Birds Sing?;;Nov 13. 2022;1991;right_only
;;Bass Drum of Death;Nerve Jamming;GB City;;Nov 13. 2022;2011;right_only
;;Best Coast;Boyfriend;Crazy For You;;Nov 13. 2022;2012;right_only
;;Blind Melon;Tones Of Home;Best Of Blind Melon;;Nov 13. 2022;2005;right_only
;;Lucy Dacus;Night Shift;Night Shift;;Nov 13. 2022;2017;right_only
;;Ty Segall;Son of Sam;Singles 2007-2010;;Nov 13. 2022;2011;right_only
;;Alex G;Runner;Runner;;Nov 13. 2022;2022;right_only
;;Weezer;In The Garage;Weezer;;Nov 13. 2022;1994;right_only
;;The Breeders;Divine Hammer;Divine Hammer;;Nov 13. 2022;1993;right_only
;;Blondie;Call Me;Blondie 4(0)-Ever: Greatest Hits Deluxe Redux / Ghosts Of Download;;Nov 13. 2022;2014;right_only
;;Beck;Elevator Music;The Information;;Nov 10. 2022;2006;right_only
;;Beach Bunny;Dream Boy;Dream Boy;;Nov 10. 2022;2019;right_only
;;Sylvan Esso;Radio;Indie Summer;;Nov 10. 2022;2019;right_only
;;Bon Iver;For Emma;For Emma. Forever Ago;;Nov 10. 2022;2008;right_only
;;Housewife;I'm Spent;I'm Spent;;Nov 10. 2022;2022;right_only
;;The War On Drugs;Oceans of Darkness;Oceans of Darkness;;Nov 10. 2022;2022;right_only
;;Vampire Weekend;Ya Hey;Ya Hey;;Nov 10. 2022;2013;right_only
;;Oasis;Don't Look Back In Anger;Stop The Clocks;;Nov 10. 2022;2008;right_only
;;Beach Weather;Sex. Drugs. Etc.;Chit Chat;;Nov 10. 2022;2016;right_only
;;Band of Horses;The Funeral;Digital Bang: Sub Pop’s Amazon Sampler;;Nov 10. 2022;2010;right_only
;;Plains;Problem With It;Problem With It;;Nov 10. 2022;2022;right_only
;;Arctic Monkeys;Fluorescent Adolescent;Favourite Worst Nightmare;;Nov 10. 2022;2007;right_only
;;Broken Bells;Saturdays;Into The Blue;;Nov 10. 2022;2022;right_only
;;Archers of Loaf;Web in Front;Icky Mettle (Deluxe Reissue);;Nov 10. 2022;2011;right_only
;;The Dandy Warhols;Godless;Thirteen Tales From Urban Bohemia;;Nov 10. 2022;2009;right_only
;;Talking Heads;Psycho Killer (Remastered Album Version );The Best Of Talking Heads;;Nov 10. 2022;2004;right_only
;;Beat Happening;Indian Summer;Look Around;;Nov 10. 2022;2015;right_only
;;Adia Victoria;Different Kind Of Love;Different Kind Of Love;;Nov 10. 2022;2019;right_only
;;Radiohead;Optimistic;Kid A;;Nov 10. 2022;2000;right_only
;;Arcade Fire;My Body Is A Cage;Euphoria Season 1;;Nov 10. 2022;2021;right_only
;;Parquet Courts;Slide Machine;Slide Machine;;Nov 10. 2022;2014;right_only
;;Violent Femmes;Out The Window;Why Do Birds Sing?;;Nov 10. 2022;2011;right_only
;;Bass Drum of Death;Nerve Jamming;GB City;;Nov 10. 2022;2011;right_only
;;Best Coast;Boyfriend;Crazy For You;;Nov 10. 2022;2012;right_only
;;Blind Melon;Tones Of Home;Best Of Blind Melon;;Nov 10. 2022;2005;right_only
;;Lucy Dacus;Night Shift;Night Shift;;Nov 10. 2022;2017;right_only
;;Ty Segall;Son of Sam;Singles 2007-2010;;Nov 10. 2022;2011;right_only
;;Alex G;Runner;Runner;;Nov 10. 2022;2022;right_only
;;Weezer;In The Garage;Weezer;;Nov 10. 2022;1994;right_only
;;The Breeders;Divine Hammer;Divine Hammer;;Nov 10. 2022;1993;right_only
;;Blondie;Call Me;Blondie 4(0)-Ever: Greatest Hits Deluxe Redux / Ghosts Of Download;;Nov 10. 2022;2014;right_only
