;show_date;Artist;Title;Album;Year
0;Jan 12. 2023;Deerhunter;Don't Cry;Don't Cry;2010
0;Jan 12. 2023;Radiohead;The Bends;The Best Of;2008
0;Jan 12. 2023;Ty Segall;Imaginary Person;Melted;2010
0;Jan 12. 2023;Guided By Voices;Underwater Explosions;Underwater Explosions;1996
0;Jan 12. 2023;Diet Cig;Maid of the Mist;Swear I'm Good At This;2017
0;Jan 12. 2023;The Exploding Hearts;Modern Kicks;Guitar Romantic;2003
0;Jan 12. 2023;Parquet Courts;Wide Awake;Wide Awake;2018
0;Jan 12. 2023;Vampire Weekend;Obvious Bicycle;Obvious Bicycle;2013
0;Jan 12. 2023;The Brian Jonestown Massacre;The Way It Was;Bringing It All Back Home - Again;2007
0;Jan 12. 2023;Cake;Frank Sinatra;Fashion Nugget;1996
0;Jan 12. 2023;Pavement;Give It A Day;Give It A Day;2006
0;Jan 12. 2023;Cold War Kids;Every Valley Is Not A Lake;Loyalty To Loyalty;2016
0;Jan 12. 2023;The Dead Weather;Will There Be Enough Water?;Horehound;2500
0;Jan 12. 2023;Deer Tick;Standing At The Threshold;Standing At The Threshold;2007
0;Jan 12. 2023;Neutral Milk Hotel;Song Against Sex;On Avery Island;1996
0;Jan 12. 2023;Broken Bells;The Ghost Inside;Broken Bells;2010
0;Jan 12. 2023;Band Of Horses;Cigarettes. Wedding Bands;Cease to Begin;2007
0;Jan 12. 2023;Dr. Dog;These Days;Be The Void;2012
0;Jan 12. 2023;Matthew Sweet;Girlfriend;Girlfriend (Legacy Edition);2003
0;Jan 12. 2023;Talking Heads;Psycho Killer (Remastered Album Version );The Best Of Talking Heads;2004
0;Jan 12. 2023;Vivian Girls;I Believe In Nothing;Vivian Girls;2008
0;Jan 12. 2023;Arcade Fire;The Well and the Lighthouse;Neon Bible;2017
0;Jan 12. 2023;Limes;Under My Head;Tarantula! / Blue Blood;2011
0;Jan 12. 2023;Father John Misty;I'm Writing a Novel;Fear Fun;2012
0;Jan 12. 2023;King Khan & The Shrines;Born to Die;Idle No More;2013
0;Jan 12. 2023;Courtney Barnett;History Eraser;The Double EP: A Sea of Split Peas;2013
0;Jan 12. 2023;MGMT;Electric Feel;Oracular Spectacular;2007
0;Jan 12. 2023;Matt and Kim;I'll Take Us Home;I'll Take Us Home;2009
0;Jan 12. 2023;Bass Drum of Death;Crawling After You;Bass Drum of Death;2013
0;Jan 8. 2023 ;Beck;The New Pollution;Odelay;1996
0;Jan 8. 2023 ;Deerhunter;Don't Cry;Don't Cry;2010
0;Jan 8. 2023 ;Radiohead;The Bends;The Bends;1995
0;Jan 8. 2023 ;Ty Segall;Imaginary Person;Melted;2010
0;Jan 8. 2023 ;Guided By Voices;Underwater Explosions;Underwater Explosions;1996
0;Jan 8. 2023 ;Diet Cig;Maid of the Mist;Swear I'm Good At This;2017
0;Jan 8. 2023 ;The Exploding Hearts;Modern Kicks;Guitar Romantic;2003
0;Jan 8. 2023 ;Parquet Courts;Wide Awake;Wide Awake;2018
0;Jan 8. 2023 ;Vampire Weekend;Obvious Bicycle;Obvious Bicycle;2013
0;Jan 8. 2023 ;The Brian Jonestown Massacre;The Way It Was;Bringing It All Back Home - Again;2007
0;Jan 8. 2023 ;Cake;Frank Sinatra;Fashion Nugget;1996
0;Jan 8. 2023 ;Pavement;Give It A Day;Give It A Day;2006
0;Jan 8. 2023 ;Cold War Kids;Every Valley Is Not A Lake;Loyalty To Loyalty;2016
0;Jan 8. 2023 ;The Dead Weather;Will There Be Enough Water?;Will There Be Enough Water?;2009
0;Jan 8. 2023 ;Jay Reatard;Blood Visions;Blood Visions;2009
0;Jan 8. 2023 ;Pixies;Wave Of Mutilation;Death To The Pixies;1997
0;Jan 8. 2023 ;Deer Tick;Standing At The Threshold;Standing At The Threshold;2007
0;Jan 8. 2023 ;Neutral Milk Hotel;Song Against Sex;On Avery Island;1996
0;Jan 8. 2023 ;Broken Bells;The Ghost Inside;Broken Bells;2010
0;Jan 8. 2023 ;Band Of Horses;Cigarettes. Wedding Bands;Cease to Begin;2007
0;Jan 8. 2023 ;Dr. Dog;These Days;Be The Void;2012
0;Jan 8. 2023 ;Black Lips;Boys In The Wood;Boys in the Wood;2014
0;Jan 8. 2023 ;Matthew Sweet;Girlfriend;Girlfriend (Legacy Edition);2003
0;Jan 8. 2023 ;Talking Heads;Psycho Killer (Remastered Album Version );The Best Of Talking Heads;2004
0;Jan 8. 2023 ;Vivian Girls;I Believe In Nothing;Vivian Girls;2008
0;Jan 8. 2023 ;Arcade Fire;The Well and the Lighthouse;Neon Bible;2017
0;Jan 8. 2023 ;Limes;Under My Head;Tarantula! / Blue Blood;2011
0;Jan 8. 2023 ;Father John Misty;I'm Writing a Novel;Fear Fun;2012
0;Jan 8. 2023 ;King Khan & the Shrines;Born to Die;Idle No More;2013
0;Jan 8. 2023 ;Courtney Barnett;History Eraser;The Double EP: A Sea of Split Peas;2013
0;Jan 8. 2023 ;MGMT;Electric Feel;Oracular Spectacular;2007
0;Jan 8. 2023 ;Bass Drum of Death;Crawling After You;Bass Drum of Death;2013
0;Jan 8. 2023 ;Matt and Kim;I'll Take Us Home;I'll Take Us Home;2009
0;Jan 5. 2023 ;Beck;Elevator Music;The Information;2006
0;Jan 5. 2023 ;Beach Bunny;Dream Boy;Dream Boy;2019
0;Jan 5. 2023 ;Sylvan Esso;Radio;Indie Summer;2019
0;Jan 5. 2023 ;Bon Iver;For Emma;For Emma. Forever Ago;2008
0;Jan 5. 2023 ;Housewife;I'm Spent;I'm Spent;2022
0;Jan 5. 2023 ;The War On Drugs;Oceans of Darkness;Oceans of Darkness;2022
0;Jan 5. 2023 ;Vampire Weekend;Ya Hey;Ya Hey;2013
0;Jan 5. 2023 ;Oasis;Don't Look Back In Anger;Stop The Clocks;2008
0;Jan 5. 2023 ;Beach Weather;Sex. Drugs. Etc.;Chit Chat;2016
0;Jan 5. 2023 ;Band of Horses;The Funeral;Digital Bang: Sub Pop’s Amazon Sampler;2010
0;Jan 5. 2023 ;Plains;Problem With It;Problem With It;2022
0;Jan 5. 2023 ;Arctic Monkeys;Fluorescent Adolescent;Favourite Worst Nightmare;2007
0;Jan 5. 2023 ;Broken Bells;Saturdays;Into The Blue;2022
0;Jan 5. 2023 ;Archers of Loaf;Web in Front;Icky Mettle (Deluxe Reissue);1993
0;Jan 5. 2023 ;The Dandy Warhols;Godless;Thirteen Tales From Urban Bohemia;2009
0;Jan 5. 2023 ;Talking Heads;Psycho Killer (Remastered Album Version );The Best Of Talking Heads;2004
0;Jan 5. 2023 ;Beat Happening;Indian Summer;Look Around;2015
0;Jan 5. 2023 ;Adia Victoria;Different Kind Of Love;Different Kind Of Love;2019
0;Jan 5. 2023 ;Radiohead;Optimistic;Kid A;2000
0;Jan 5. 2023 ;Arcade Fire;My Body Is a Cage;Neon Bible;2017
0;Jan 5. 2023 ;Parquet Courts;Slide Machine;Slide Machine;2014
0;Jan 5. 2023 ;Violent Femmes;Out The Window;Why Do Birds Sing?;1991
0;Jan 5. 2023 ;Bass Drum of Death;Nerve Jamming;GB City;2011
0;Jan 5. 2023 ;Best Coast;Boyfriend;Crazy For You;2012
0;Jan 5. 2023 ;Blind Melon;Tones Of Home;Best Of Blind Melon;2005
0;Jan 5. 2023 ;Lucy Dacus;Night Shift;Night Shift;2017
0;Jan 5. 2023 ;Ty Segall;Son of Sam;Singles 2007-2010;2011
0;Jan 5. 2023 ;Alex G;Runner;Runner;2022
0;Jan 5. 2023 ;Weezer;In The Garage;Weezer;1994
0;Jan 5. 2023 ;The Breeders;Divine Hammer;Divine Hammer;1993
0;Jan 5. 2023 ;Blondie;Call Me;Blondie 4(0)-Ever: Greatest Hits Deluxe Redux / Ghosts Of Download;2014
0;Jan 1. 2023 ;Sylvan Esso;Radio;Indie Summer;2019
0;Jan 1. 2023 ;Vampire Weekend;The Kids Don't Stand a Chance;The Kids Don't Stand a Chance;2008
0;Jan 1. 2023 ;Supersuckers;Coattail Rider;Coattail Rider;2008
0;Jan 1. 2023 ;The Grifters;Parting Shot;Parting Shot;2008
0;Jan 1. 2023 ;Veruca Salt;Seether;90s Rock Gold;2009
0;Jan 1. 2023 ;Violent Femmes;Out The Window;Why Do Birds Sing?;1991
0;Jan 1. 2023 ;Ty Segall;Thank God For Sinners;Twins;2012
0;Jan 1. 2023 ;Modest Mouse;Satin In A Coffin;Good News For People Who Love Bad News;2007
0;Jan 1. 2023 ;Parquet Courts;Steady on My Mind;Steady on My Mind;2016
0;Jan 1. 2023 ;The Afghan Whigs;Now You Know;Gentlemen;1993
0;Jan 1. 2023 ;T-Bone Scarpone;Big Bad Wolf;The Cowboy with the Black Hat (A Spaghetti Western);2017
0;Jan 1. 2023 ;Daniel Johnston;Casper The Friendly Ghost;Kids;2015
0;Jan 1. 2023 ;Ultimate Sound Effects Library;Car Sound Effects;Sound Effects Library for Internet Videos. Vol. 1;2015
0;Jan 1. 2023 ;Frankie Cosmos;So Blue;Close It Quietly;2019
0;Jan 1. 2023 ;Deerhunter;Back to the Middle;Back to the Middle;2013
0;Jan 1. 2023 ;DIIV;Mire (Grant's Song);Is the Is Are;2015
0;Jan 1. 2023 ;Stef Chura;Sweet Sweet Midnight;Midnight;2019
0;Jan 1. 2023 ;The Strokes;Between Love & Hate;Room On Fire;2020
0;Jan 1. 2023 ;Interpol;Roland;Roland;2012
0;Jan 1. 2023 ;Summer Twins;Forget Me;Forget Me;2013
0;Jan 1. 2023 ;The Kills;No Wow;No Wow;2005
0;Jan 1. 2023 ;Radiohead;Everything In Its Right Place;Everything In Its Right Place;2000
0;Jan 1. 2023 ;The Jon Spencer Blues Explosion;Lovin' Machine;Road Trip;2007
0;Jan 1. 2023 ;Guided by Voices;Bury the Mouse;Warp and Woof;2014
0;Jan 1. 2023 ;King Tuff;Radiation;Radiation;2014
0;Jan 1. 2023 ;Lucy Dacus;Dancing In The Dark;Dancing In The Dark;2019
0;Jan 1. 2023 ;King Khan & the Shrines;I Got Made;Idle No More;2013
0;Jan 1. 2023 ;Pavement;Unfair;Unfair;2010
0;Jan 1. 2023 ;Jay Reatard;Fading All Away;Blood Visions;2016
0;Jan 1. 2023 ;Sonny & The Sunsets;green blood;Antenna To The Afterworld;2013
0;Jan 1. 2023 ;Arcade Fire;Black Mirror;Neon Bible;2017
0;Dec 29. 2022;Talking Heads;Love----> Building On Fire (Remastered Album Version );The Best Of Talking Heads;2004
0;Dec 29. 2022;Sebadoh;Social Medicine (Remastered);Bakesale [Deluxe Edition];2011
0;Dec 29. 2022;The Walkmen;We've Been Had;The Walkmen;2009
0;Dec 29. 2022;The Clean;Oddity;Anthology;2003
0;Dec 29. 2022;Thao & The Get Down Stay Down;Nobody Dies;A Man Alive;2016
0;Dec 29. 2022;Husker Du;Sorry Somehow;Sorry Somehow;2008
0;Dec 29. 2022;Ultra Orange;Don't Kiss Me Goodbye;Ultra Orange & Emmanuelle (Digital Deluxe Edition);2007
0;Dec 29. 2022;Parquet Courts;Freebird II;Freebird II;2018
0;Dec 29. 2022;Sonic Youth;I'm Not There;I'm Not There (Music From The Motion Picture);2007
0;Dec 29. 2022;TEEN;Better;Better;2012
0;Dec 29. 2022;Strapping Fieldhands;The Author In Her Ear;Wattle & Daub;1996
0;Dec 29. 2022;Daniel Johnston;Mean Girls Give Pleasure;Space Ducks: Soundtrack;2012
0;Dec 29. 2022;Bob Mould;Voices in My Head;Voices in My Head;2016
0;Dec 29. 2022;Super Furry Animals;Something 4 the Weekend;Zoom! The Best Of (1995-2016);2016
0;Dec 29. 2022;Courtney Barnett;Write a List of Things to Look Forward To;Things Take Time. Take Time;2021
0;Dec 29. 2022;Teenage Fanclub;Everything Is Falling Apart;Everything Is Falling Apart;2019
0;Dec 29. 2022;Swearin';Grow into a Ghost;Fall into the Sun;2018
0;Dec 29. 2022;Shout Out Louds;Shut Your Eyes;Howl Howl Gaff Gaff;2005
0;Dec 29. 2022;Vampire Weekend;Finger Back;Finger Back;2013
0;Dec 29. 2022;Pixies;Monkey Gone To Heaven;Death To The Pixies;1997
0;Dec 29. 2022;My Morning Jacket;Off The Record;Z;2008
0;Dec 29. 2022;Arcade Fire;Sprawl II (Mountains Beyond Mountains);The Suburbs;2010
0;Dec 29. 2022;Dan Auerbach;Street Walkin';Street Walkin';2012
0;Dec 29. 2022;The Apples in stereo;Energy;New Magnetic Wonder;2007
0;Dec 29. 2022;The Dead Weather;I'm Mad;I'm Mad;2010
0;Dec 29. 2022;Built To Spill;Randy Described Eternity;Randy Described Eternity;1997
0;Dec 29. 2022;Silver Jews;Party Barge;Lookout Mountain. Lookout Sea;2008
0;Dec 29. 2022;Yeah Yeah Yeahs;Sacrilege;Mosquito (Deluxe Version);2014
0;Dec 29. 2022;Ty Segall;Fuzzy Cat;Singles 2007-2010;2011
0;Dec 29. 2022;Matt and Kim;Cutdown;Cutdown;2009
0;Dec 25. 2022;Triumphant Quartet;Jesus Is Your Ticket To Heaven;Love Came Calling;2010
0;Dec 25. 2022;Talking Heads;Love----> Building On Fire (Remastered Album Version );The Best Of Talking Heads;2004
0;Dec 25. 2022;Sebadoh;Social Medicine (Remastered);Bakesale [Deluxe Edition];2011
0;Dec 25. 2022;The Walkmen;We've Been Had;The Walkmen;2009
0;Dec 25. 2022;The Clean;Oddity;Anthology;2003
0;Dec 25. 2022;Thao & The Get Down Stay Down;Nobody Dies;A Man Alive;2016
0;Dec 25. 2022;Husker Du;Sorry Somehow;Sorry Somehow;2008
0;Dec 25. 2022;Ultra Orange & Emmanuelle;Don't Kiss Me Goodbye;Ultra Orange & Emmanuelle;2007
0;Dec 25. 2022;Parquet Courts;Freebird II;Freebird II;2018
0;Dec 25. 2022;Sonic Youth;I'm Not There;I'm Not There (Music From The Motion Picture);2007
0;Dec 25. 2022;TEEN;Better;Better;2012
0;Dec 25. 2022;Strapping Fieldhands;The Author In Her Ear;Wattle & Daub;1996
0;Dec 25. 2022;Daniel Johnston;Mean Girls Give Pleasure;Space Ducks: Soundtrack;2012
0;Dec 25. 2022;Bob Mould;Voices in My Head;Voices in My Head;2016
0;Dec 25. 2022;Super Furry Animals;Something 4 the Weekend;Zoom! The Best Of (1995-2016);2016
0;Dec 25. 2022;Courtney Barnett;Write a List of Things to Look Forward To;Things Take Time. Take Time;2021
0;Dec 25. 2022;Teenage Fanclub;Everything Is Falling Apart;Endless Arcade;2021
0;Dec 25. 2022;Shout Out Louds;Shut Your Eyes;Howl Howl Gaff Gaff;2005
0;Dec 25. 2022;Vampire Weekend;Finger Back;Finger Back;2013
0;Dec 25. 2022;Pixies;Monkey Gone to Heaven;Monkey Gone to Heaven;1989
0;Dec 25. 2022;My Morning Jacket;Off The Record;Z;2008
0;Dec 25. 2022;Arcade Fire;Sprawl II (Mountains Beyond Mountains);The Suburbs;2010
0;Dec 25. 2022;Dan Auerbach;Street Walkin';Keep It Hid;2009
0;Dec 25. 2022;The Apples in stereo;Energy;New Magnetic Wonder;2007
0;Dec 25. 2022;The Dead Weather;I'm Mad;I'm Mad;2010
0;Dec 25. 2022;Peggy Scott;I Want to Love You Baby;Soul and R&b Jams!;2020
0;Dec 25. 2022;Built To Spill;Randy Described Eternity;Randy Described Eternity;1997
0;Dec 25. 2022;Silver Jews;Party Barge;Lookout Mountain. Lookout Sea;2008
0;Dec 25. 2022;Kings Of Leon;Holy Roller Novocaine;Youth And Young Manhood;2003
0;Dec 25. 2022;Yeah Yeah Yeahs;Sacrilege;Mosquito (Deluxe Version);2014
0;Dec 25. 2022;Ty Segall;Fuzzy Cat;Singles 2007-2010;2011
0;Dec 25. 2022;Astralasia;Realise Your Purpose;Astralogy;2014
0;Dec 22. 2022;Okkervil River;Unless It's Kicks;The Stage Names;2007
0;Dec 22. 2022;Pixies;The Happening;The Happening;1990
0;Dec 22. 2022;Dinosaur Jr;Don’t Pretend You Didn’t Know;I Bet On Sky;2012
0;Dec 22. 2022;Graham Day And The Gaolers;Glad I’m Not Young;Triple Distilled;2008
0;Dec 22. 2022;Courtney Barnett;Scotty Says;The Double EP: A Sea of Split Peas;2013
0;Dec 22. 2022;Ultimate Sound Effects Library;Car Sound Effects;Sound Effects Library for Internet Videos. Vol. 1;2015
0;Dec 22. 2022;Portugal. The Man;Evil Friends;Evil Friends;2013
0;Dec 22. 2022;Reigning Sound;Straight Shooter;The Coolest Songs In The World. Vol 1;2500
0;Dec 22. 2022;Built To Spill;Distopian Dream Girl;There's Nothing Wrong With Love;1994
0;Dec 22. 2022;Les Savy Fav;What Would Wolves Do?;Let's Stay Friends;2007
0;Dec 22. 2022;Dan Auerbach;I Want Some More;I Want Some More;2012
0;Dec 22. 2022;Arcade Fire;Rococo;The Suburbs (Deluxe);2010
0;Dec 22. 2022;Beck;Derelict;Odelay;1996
0;Dec 22. 2022;Ty Segall;Sweets;Singles 2007-2010;2011
0;Dec 22. 2022;The Coathangers;Make It Right;Make It Right;2016
0;Dec 22. 2022;The Jon Spencer Blues Explosion;Cowboy;Orange;2010
0;Dec 22. 2022;Black Lips;Time;Time;2011
0;Dec 22. 2022;Real Estate;Talking Backwards;Talking Backwards;2014
0;Dec 22. 2022;Vampire Weekend;The Kids Don't Stand a Chance;The Kids Don't Stand a Chance;2008
0;Dec 22. 2022;The Strokes;What Ever Happened?;Room On Fire;2003
0;Dec 22. 2022;Hinds;Chili Town;Chili Town;2015
0;Dec 22. 2022;Car Seat Headrest;Not What I Needed;Not What I Needed;2016
0;Dec 22. 2022;Night Beats;Playing Dead;Sonic Bloom;2013
0;Dec 22. 2022;The Black Keys;Remember When (Side B);Remember When (Side B);2019
0;Dec 22. 2022;Radiohead;The National Anthem;The Best Of;2008
0;Dec 22. 2022;Eels;Bombs Away;Bombs Away;2013
0;Dec 22. 2022;Parquet Courts;Dust;Dust;2016
0;Dec 22. 2022;Shopping;Wind Up;Why Choose;2015
0;Dec 22. 2022;Violent Femmes;Mirror Mirror (I See A Damsel);New Times;2021
0;Dec 22. 2022;James and The Ultrasounds;Sleep Cheap;Bad To Be Here;2015
0;Dec 18. 2022;Okkervil River;Unless It's Kicks;The Stage Names;2007
0;Dec 18. 2022;Pixies;The Happening;The Happening;1990
0;Dec 18. 2022;Dinosaur Jr;Don’t Pretend You Didn’t Know;I Bet On Sky;2012
0;Dec 18. 2022;Graham Day And The Gaolers;Glad I’m Not Young;Triple Distilled;2008
0;Dec 18. 2022;Courtney Barnett;Scotty Says;The Double EP: A Sea of Split Peas;2013
0;Dec 18. 2022;Portugal. The Man;Evil Friends;Evil Friends;2013
0;Dec 18. 2022;Reigning Sound;Straight Shooter;The Coolest Songs In The World. Vol 1;2500
0;Dec 18. 2022;Built To Spill;Distopian Dream Girl;There's Nothing Wrong With Love;1994
0;Dec 18. 2022;Les Savy Fav;What Would Wolves Do?;Let's Stay Friends;2007
0;Dec 18. 2022;Dan Auerbach;I Want Some More;Keep It Hid;2021
0;Dec 18. 2022;Arcade Fire;Rococo;The Suburbs (Deluxe);2010
0;Dec 18. 2022;Beck;Derelict;Odelay;1996
0;Dec 18. 2022;Superchunk;Low F;I Hate Music;2013
0;Dec 18. 2022;Ty Segall;Sweets;Singles 2007-2010;2011
0;Dec 18. 2022;The Coathangers;Make It Right;Make It Right;2016
0;Dec 18. 2022;The Jon Spencer Blues Explosion;Cowboy;Orange;2010
0;Dec 18. 2022;Black Lips;Time;Arabia Mountain;2011
0;Dec 18. 2022;Real Estate;Talking Backwards;Talking Backwards;2014
0;Dec 18. 2022;Vampire Weekend;The Kids Don't Stand a Chance;The Kids Don't Stand a Chance;2008
0;Dec 18. 2022;The Strokes;What Ever Happened?;Room On Fire;2003
0;Dec 18. 2022;Hinds;Chili Town;Chili Town;2015
0;Dec 18. 2022;Car Seat Headrest;Not What I Needed;Not What I Needed;2016
0;Dec 18. 2022;Night Beats;Playing Dead;Sonic Bloom;2013
0;Dec 18. 2022;The Black Keys;Remember When (Side B);Remember When (Side B);2019
0;Dec 18. 2022;Eels;Bombs Away;Bombs Away;2013
0;Dec 18. 2022;Parquet Courts;Dust;Dust;2016
0;Dec 18. 2022;Shopping;Wind Up;Why Choose;2015
0;Dec 18. 2022;Violent Femmes;Mirror Mirror (I See A Damsel);New Times;2021
0;Dec 18. 2022;James and The Ultrasounds;Sleep Cheap;Bad To Be Here;2015
0;Dec 15. 2022;The Jesus and Mary Chain;Head On;21 Singles;2002
0;Dec 15. 2022;Eels;Last Stop: This Town;Meet The EELS: Essential EELS 1996-2006 Vol. 1;2008
0;Dec 15. 2022;The Shins;So Says I;So Says I;2008
0;Dec 15. 2022;Letters to Cleo;Here And Now;Aurora Gory Alice;2008
0;Dec 15. 2022;James and The Ultrasounds;Letters In A Box;Bad To Be Here;2015
0;Dec 15. 2022;Kevin Morby;This Is A Photograph;This Is A Photograph;2022
0;Dec 15. 2022;The Amps;Mom's Drunk;Mom's Drunk;1995
0;Dec 15. 2022;Pavement;Harness Your Hopes;Brighten the Corners (Nicene Creedence Ed.) (Deluxe Edition);2008
0;Dec 15. 2022;Beck;E-Pro;Guero;2010
0;Dec 15. 2022;Alvvays;Plimsoll Punks;Antisocialites;2017
0;Dec 15. 2022;alt-J;U&ME;U&ME;2021
0;Dec 15. 2022;Horsegirl;Anti-glory;Anti-glory;2022
0;Dec 15. 2022;Bass Drum of Death;Crawling After You;Bass Drum of Death;2013
0;Dec 15. 2022;Parquet Courts;Human Performance;Human Performance;2016
0;Dec 15. 2022;Shopping;Wild Child;The Official Body;2017
0;Dec 15. 2022;Adia Victoria;Dead Eyes;Beyond The Bloodhounds;2016
0;Dec 15. 2022;Beat Happening;Indian Summer;Look Around;2015
0;Dec 15. 2022;Belle and Sebastian;The Party Line;The Party Line;2014
0;Dec 15. 2022;Best Coast;Our Deal;Crazy For You;2012
0;Dec 15. 2022;Angry Angles;Things Are Moving;Things Are Moving;2016
0;Dec 15. 2022;Broncho;Taj Mahal;Just Enough Hip To Be Woman;2014
0;Dec 15. 2022;Car Seat Headrest;My Boy;My Boy;2018
0;Dec 15. 2022;The Decemberists;Easy Come. Easy Go;Easy Come. Easy Go;2015
0;Dec 15. 2022;Dinosaur Jr.;Tiny;Tiny;2016
0;Dec 15. 2022;Eddy Current Suppression Ring;Medieval Wall;All in Good Time;2019
0;Dec 15. 2022;Hinds;Finally Floating;I Don't Run;2018
0;Dec 15. 2022;Guided By Voices;Striped White Jets;Striped White Jets;1995
0;Dec 15. 2022;Interpol;Obstacle 1 (Remastered);Turn on the Bright Lights (Tenth Anniversary Edition);2012
0;Dec 15. 2022;The Jon Spencer Blues Explosion;Bellbottoms;Dirty Shirt Rock 'N' Roll: The First Ten Years;2014
0;Dec 15. 2022;La Luz;Call Me In the Day;Damp Face EP;2013
0;Dec 15. 2022;Neutral Milk Hotel;In the Aeroplane Over the Sea;In the Aeroplane Over the Sea;1998
0;Dec 15. 2022;The Olivia Tremor Control;Hideaway;Black Foliage: Animation Music;2004
0;Dec 15. 2022;Ezra Furman;Thermometer;Twelve Nudes;2019
0;Dec 15. 2022;Pixies;Gigantic;Gigantic;2004
0;Dec 15. 2022;The Jesus and Mary Chain;Head On;21 Singles;2002
0;Dec 11. 2022;Wet Leg;Wet Dream;Wet Dream;2021
0;Dec 11. 2022;Weezer;My Name Is Jonas;Blue/Green/Red;2014
0;Dec 11. 2022;The Cairo Gang;Be What You Are;Goes Missing;2015
0;Dec 11. 2022;Ween;Captain Fantasy;Live at Stubb's;2003
0;Dec 11. 2022;The War On Drugs;Red Eyes;Red Eyes;2013
0;Dec 11. 2022;The Walkmen;Heartbreaker;Heaven;2012
0;Dec 11. 2022;Violent Femmes;Gone Daddy Gone;Permanent Record: The Very Best Of The Violent Femmes;2014
0;Dec 11. 2022;Veruca Salt;Seether;90s Rock Gold;2009
0;Dec 11. 2022;Mitski;Cop Car;The Turning (Original Motion Picture Soundtrack);2020
0;Dec 11. 2022;Stef Chura;17th Amendment;27: The Most Perfect Album;2018
0;Dec 11. 2022;Supersuckers;Coattail Rider;Coattail Rider;2008
0;Dec 11. 2022;The Grifters;Parting Shot;Parting Shot;2008
0;Dec 11. 2022;The White Stripes;Party of Special Things to Do;Party of Special Things to Do;2015
0;Dec 11. 2022;Black Lips;Disconnection;Disconnection;2009
0;Dec 11. 2022;Vampire Weekend;Step;Step;2013
0;Dec 11. 2022;The Vaccines;Teenage Icon;Teenage Icon;2012
0;Dec 11. 2022;Uncle Tupelo;New Madrid;Uncle Tupelo 89/93: An Anthology;2002
0;Dec 11. 2022;David Cleveland (BMI) 100%;Just How I Feel;Acoustic Breeze;2002
0;Dec 11. 2022;Ultra Orange;Don't Kiss Me Goodbye;Ultra Orange & Emmanuelle (Digital Deluxe Edition);2007
0;Dec 11. 2022;alt-J;Left Hand Free;Left Hand Free;2014
0;Dec 11. 2022;The Amps;Tipp City;Tipp City;1995
0;Dec 11. 2022;Arcade Fire;Neighborhood #1 (Tunnels);Funeral;2017
0;Dec 11. 2022;Arctic Monkeys;Do I Wanna Know?;AM;2013
0;Dec 11. 2022;Band Of Horses;Ode to LRC;Cease to Begin;2007
0;Dec 11. 2022;Bass Drum of Death;White Fright;Bass Drum of Death;2013
0;Dec 11. 2022;Best Coast;The End;Crazy For You;2012
0;Dec 11. 2022;Blur;Song 2;Blur: The Best Of;2000
0;Dec 11. 2022;Blushh;I’m Over It;Thx 4 Asking;2018
0;Dec 11. 2022;Broken Bells;The High Road;Broken Bells;2010
0;Dec 11. 2022;Built to Spill;Strange;Ancient Melodies Of The Future;2001
0;Dec 11. 2022;Car Seat Headrest;Can't Cool Me Down;Can't Cool Me Down;2020
0;Dec 11. 2022;Courtney Barnett;Canned Tomatoes;The Double EP: A Sea of Split Peas;2013
0;Dec 11. 2022;Oregon Bike Trails;Cayucos;HairBrained (Original Motion Picture Soundtrack);2014
0;Dec 11. 2022;Astralasia;Realise Your Purpose;Astralogy;2014
0;Dec 11. 2022;Cold War Kids;Every Valley Is Not A Lake;Loyalty To Loyalty;2016
0;Dec 8. 2022 ;Robert Allen Parker;Copperhead Boogie;The River's Invitation;2021
0;Dec 8. 2022 ;Wet Leg;Wet Dream;Wet Dream;2021
0;Dec 8. 2022 ;Weezer;My Name Is Jonas;Blue/Green/Red;2014
0;Dec 8. 2022 ;The Cairo Gang;Be What You Are;Goes Missing;2015
0;Dec 8. 2022 ;Ween;Captain Fantasy;Live at Stubb's;2003
0;Dec 8. 2022 ;The War On Drugs;Red Eyes;Red Eyes;2013
0;Dec 8. 2022 ;The Walkmen;Heartbreaker;Heaven;2012
0;Dec 8. 2022 ;Veruca Salt;Seether;90s Rock Gold;2009
0;Dec 8. 2022 ;Mitski;Cop Car;The Turning (Original Motion Picture Soundtrack);2020
0;Dec 8. 2022 ;Stef Chura;17th Amendment;27: The Most Perfect Album;2018
0;Dec 8. 2022 ;Supersuckers;Coattail Rider;Coattail Rider;2008
0;Dec 8. 2022 ;The Grifters;Parting Shot;Parting Shot;2008
0;Dec 8. 2022 ;The White Stripes;Party of Special Things to Do;Party of Special Things to Do;2015
0;Dec 8. 2022 ;Vampire Weekend;Step;Step;2013
0;Dec 8. 2022 ;The Vaccines;Teenage Icon;Teenage Icon;2012
0;Dec 8. 2022 ;Uncle Tupelo;New Madrid;Uncle Tupelo 89/93: An Anthology;2002
0;Dec 8. 2022 ;Ultra Orange;Don't Kiss Me Goodbye;Ultra Orange & Emmanuelle (Digital Deluxe Edition);2007
0;Dec 8. 2022 ;alt-J;Left Hand Free;Left Hand Free;2014
0;Dec 8. 2022 ;Alex The Astronaut;I Think You’re Great;triple j’s Hottest 100. Vol. 28;2021
0;Dec 8. 2022 ;The Amps;Tipp City;Tipp City;1995
0;Dec 8. 2022 ;Arcade Fire;Neighborhood #1 (Tunnels);Funeral;2017
0;Dec 8. 2022 ;Arctic Monkeys;Do I Wanna Know?;AM;2013
0;Dec 8. 2022 ;Band Of Horses;Ode to LRC;Cease to Begin;2007
0;Dec 8. 2022 ;Bass Drum of Death;White Fright;Bass Drum of Death;2013
0;Dec 8. 2022 ;Best Coast;The End;Crazy For You;2012
0;Dec 8. 2022 ;Blushh;I’m Over It;Thx 4 Asking;2018
0;Dec 8. 2022 ;Broken Bells;The High Road;Broken Bells;2010
0;Dec 8. 2022 ;Built to Spill;Strange;Ancient Melodies Of The Future;2001
0;Dec 8. 2022 ;Car Seat Headrest;Can't Cool Me Down;Can't Cool Me Down;2020
0;Dec 8. 2022 ;Courtney Barnett;Canned Tomatoes;The Double EP: A Sea of Split Peas;2013
0;Dec 8. 2022 ;Oregon Bike Trails;Cayucos;HairBrained (Original Motion Picture Soundtrack);2014
0;Dec 8. 2022 ;Cold War Kids;Every Valley Is Not A Lake;Loyalty To Loyalty;2016
0;Dec 4. 2022 ;The Shins;Australia;Australia (CD);2007
0;Dec 4. 2022 ;Modest Mouse;Ocean Breathes Salty (Album Version);Good News For People Who Love Bad News;2004
0;Dec 4. 2022 ;The Dead Weather;So Far from Your Weapon;Horehound;2500
0;Dec 4. 2022 ;Sebadoh;Willing To Wait;Willing To Wait;2006
0;Dec 4. 2022 ;Tijuana Panthers;Advice;EP;2008
0;Dec 4. 2022 ;Ty Segall;Drug Mugger;Mr. Face;2015
0;Dec 4. 2022 ;Pixies;Debaser;Death To The Pixies;1997
0;Dec 4. 2022 ;The Jon Spencer Blues Explosion;Cowboy;Orange;2010
0;Dec 4. 2022 ;King Khan & the Shrines;Born to Die;Idle No More;2013
0;Dec 4. 2022 ;Black Lips;Cold Hands;Good Bad Not Evil;2007
0;Dec 4. 2022 ;Twerps;I Don't Mind;Range Anxiety;2015
0;Dec 4. 2022 ;PJ Harvey;Down By The Water;To Bring You My Love;1995
0;Dec 4. 2022 ;Limes;Merrilly;Tarantula! / Blue Blood;2011
0;Dec 4. 2022 ;Matthew Sweet;Sick of Myself;Platinum & Gold Collection;1995
0;Dec 4. 2022 ;Hinds;Bamboo;Demo;2014
0;Dec 4. 2022 ;Pavement;Elevate Me Later;Elevate Me Later;2004
0;Dec 4. 2022 ;The Black Keys;She Said. She Said;The Big Come Up;2008
0;Dec 4. 2022 ;Cherry Glazerr;Nurse Ratched;Nurse Ratched;2016
0;Dec 4. 2022 ;Blondie;One Way Or Another (2001 - Remaster);One Way Or Another;2013
0;Dec 4. 2022 ;Crocodiles;I Wanna Kill;Summer of Hate (Bonus Track Version);2014
0;Dec 4. 2022 ;Broken Bells;The Ghost Inside;Broken Bells;2010
0;Dec 4. 2022 ;Car Seat Headrest;Vincent;Vincent;2016
0;Dec 4. 2022 ;Broncho;Deena;Just Enough Hip To Be Woman;2014
0;Dec 4. 2022 ;Built To Spill;Sidewalk;Sidewalk;1999
0;Dec 4. 2022 ;Courtney Barnett;Nobody Really Cares If You Don't Go To The Party;Sometimes I Sit And Think. And Sometimes I Just Sit;2015
0;Dec 4. 2022 ;Radiohead;Man of War;Man of War;2017
0;Dec 4. 2022 ;The White Stripes;Rag and Bone;Rag and Bone;2020
0;Dec 4. 2022 ;Ne-Hi;Since I've Been Thinking;NE-HI;2014
0;Dec 4. 2022 ;Neutral Milk Hotel;You've Passed;On Avery Island;1996
0;Dec 4. 2022 ;Tacocat;The Internet;Lost Time;2016
0;Dec 4. 2022 ;Frankie Cosmos;On the Lips;On the Lips;2016
0;Dec 4. 2022 ;The Coathangers;Down Down;Nosebleed Weekend;2016
0;Dec 4. 2022 ;The Unicorns;I Was Born (A Unicorn);Who Will Cut Our Hair When We're Gone? (Remastered);2014
0;Dec 4. 2022 ;Astralasia;Realise Your Purpose;Astralogy;2014
0;Dec 1. 2022 ;The Shins;Australia;Australia (CD);2007
0;Dec 1. 2022 ;Modest Mouse;Ocean Breathes Salty (Album Version);Good News For People Who Love Bad News;2004
0;Dec 1. 2022 ;The Dead Weather;So Far from Your Weapon;So Far from Your Weapon;2009
0;Dec 1. 2022 ;Sebadoh;Willing To Wait;Willing To Wait;2006
0;Dec 1. 2022 ;Tijuana Panthers;Advice;EP;2008
0;Dec 1. 2022 ;Ty Segall;Drug Mugger;Mr. Face;2015
0;Dec 1. 2022 ;Pixies;Debaser;Death To The Pixies;1997
0;Dec 1. 2022 ;The Jon Spencer Blues Explosion;Cowboy;Orange;2010
0;Dec 1. 2022 ;King Khan & The Shrines;Born to Die;Idle No More;2013
0;Dec 1. 2022 ;Black Lips;Cold Hands;Good Bad Not Evil;2007
0;Dec 1. 2022 ;Twerps;I Don't Mind;Range Anxiety;2015
0;Dec 1. 2022 ;PJ Harvey;Down By The Water;To Bring You My Love;1995
0;Dec 1. 2022 ;Limes;Merrilly;Tarantula! / Blue Blood;2011
0;Dec 1. 2022 ;Matthew Sweet;Sick of Myself;Platinum & Gold Collection;1995
0;Dec 1. 2022 ;Hinds;Bamboo;Demo;2014
0;Dec 1. 2022 ;Pavement;Elevate Me Later;Elevate Me Later;2004
0;Dec 1. 2022 ;The Black Keys;She Said. She Said;The Big Come Up;2008
0;Dec 1. 2022 ;Cherry Glazerr;Nurse Ratched;Nurse Ratched;2016
0;Dec 1. 2022 ;Blondie;One Way Or Another (2001 - Remaster);One Way Or Another;2013
0;Dec 1. 2022 ;Crocodiles;I Wanna Kill;Summer of Hate (Bonus Track Version);2014
0;Dec 1. 2022 ;Broken Bells;The Ghost Inside;The Ghost Inside;2010
0;Dec 1. 2022 ;Car Seat Headrest;Vincent;Vincent;2016
0;Dec 1. 2022 ;BRONCHO;Deena;Just Enough Hip to Be Woman;2014
0;Dec 1. 2022 ;Built To Spill;Sidewalk;Sidewalk;1999
0;Dec 1. 2022 ;Courtney Barnett;Nobody Really Cares If You Don't Go To The Party;Sometimes I Sit And Think. And Sometimes I Just Sit;2015
0;Dec 1. 2022 ;Radiohead;Man of War;Man of War;2017
0;Dec 1. 2022 ;The White Stripes;Rag And Bone;Rag And Bone;2007
0;Dec 1. 2022 ;Ne-Hi;Since I've Been Thinking;NE-HI;2014
0;Dec 1. 2022 ;Neutral Milk Hotel;You've Passed;On Avery Island;1996
0;Dec 1. 2022 ;Tacocat;The Internet;Lost Time;2016
0;Dec 1. 2022 ;Frankie Cosmos;On the Lips;On the Lips;2016
0;Dec 1. 2022 ;The Unicorns;I Was Born (A Unicorn);Who Will Cut Our Hair When We're Gone? (Remastered);2014
0;Nov 27. 2022;CAKE;The Distance;Fashion Nugget;2001
0;Nov 27. 2022;R.E.M.;Supernatural Superserious;Accelerate (Standard Version);2008
0;Nov 27. 2022;Black Lips;Go out and Get It;Arabia Mountain;2011
0;Nov 27. 2022;Superchunk;Me & You & Jackie Mittoo;I Hate Music;2013
0;Nov 27. 2022;Built to Spill;Get A Life;Ultimate Alternative Wavers;1993
0;Nov 27. 2022;Yoko and the Oh No's;She Ain't Mine;Yoko and the Oh No's;2015
0;Nov 27. 2022;Wolf Parade;Modern World;Apologies To The Queen Mary;2005
0;Nov 27. 2022;Yo La Tengo;Big Day Coming;Big Day Coming;1993
0;Nov 27. 2022;Ty Segall;Shoot You Up;Freedom's Goblin;2018
0;Nov 27. 2022;Vampire Weekend;Run;Run;2010
0;Nov 27. 2022;Twin Peaks;Keep It Together;Down In Heaven;2016
0;Nov 27. 2022;Jay Reatard;Oh It's Such a Shame;Blood Visions;2009
0;Nov 27. 2022;Tapes ‘n Tapes;Insistor;The Loon;2006
0;Nov 27. 2022;Tame Impala;Solitude Is Bliss;Hits 2010;2019
0;Nov 27. 2022;Talking Heads;Sugar on My Tongue (2003 Remaster);Sugar on My Tongue (Remastered);2014
0;Nov 27. 2022;The White Stripes;I Can't Wait;I Can't Wait;2001
0;Nov 27. 2022;Supergrass;Alright;Lol;2009
0;Nov 27. 2022;Spookyland;Discipline;Beauty Already Beautiful;2016
0;Nov 27. 2022;Sonic Youth;Junkie's Promise;Washing Machine;1995
0;Nov 27. 2022;Sleater-Kinney;Bury Our Friends;Bury Our Friends;2015
0;Nov 27. 2022;Parquet Courts;Dust;Dust;2016
0;Nov 27. 2022;Chastity Belt;It's Obvious;I Used to Spend So Much Time Alone;2017
0;Nov 27. 2022;Jon Spencer Blues Explosion;The Midnight Creep;Plastic Fang;2002
0;Nov 27. 2022;Radiohead;There. There;There. There;2003
0;Nov 27. 2022;Wilco;Kamera;Kamera;2002
0;Nov 27. 2022;Vivian Girls;Lake House;Share the Joy;2016
0;Nov 27. 2022;Violent Femmes;Gimme The Car;Violent Femmes;2021
0;Nov 27. 2022;My Morning Jacket;First Light;Circuital;2011
0;Nov 27. 2022;Okkervil River;Unless It's Kicks;The Stage Names;2007
0;Nov 27. 2022;The Breeders;Drivin' on 9;Drivin' on 9;1993
0;Nov 27. 2022;Tobin Sprout;Future Boy Today / Man of Tomorrow;Future Boy Today / Man of Tomorrow;2016
0;Nov 27. 2022;The Kills;Ticket Man;No Wow;2005
0;Nov 27. 2022;Astralasia;Realise Your Purpose;Astralogy;2014
0;Nov 27. 2022;Car Seat Headrest;My Boy;My Boy;2018
0;Nov 24. 2022;The Alternative Strike;Loser;The Marvelous Superhero: Jessica Jones;2016
0;Nov 24. 2022;Beach Bunny;Cloud 9;Cloud 9;2020
0;Nov 24. 2022;The Clean;Anything Could Happen;Anthology;2003
0;Nov 24. 2022;The National;Bloodbuzz Ohio;Bloodbuzz Ohio;2010
0;Nov 24. 2022;Goodgirl;Alienation;Poor Habits;2019
0;Nov 24. 2022;Twin Peaks;Making Breakfast;Wild Onion;2014
0;Nov 24. 2022;The Brian Jonestown Massacre;Anenome;Harbour Boat Trips. Vol. 01 Copenhagen (Mixed by Trentemøller);2009
0;Nov 24. 2022;Night Beats;H-Bomb (Live At Valentine);Live At Valentine;2022
0;Nov 24. 2022;Dehd;Eggshells;Eggshells;2022
0;Nov 24. 2022;BRONCHO;Easy Way Out;Bad Behavior;2018
0;Nov 24. 2022;Cloud Nothings;Wasted Days;Attack On Memory;2012
0;Nov 24. 2022;Allah-Las;Polar Onion;LAHS;2019
0;Nov 24. 2022;Weezer;Undone -- The Sweater Song;Weezer;2004
0;Nov 24. 2022;Delta Spirit;People C'Mon;Music From and Inspired By The Big C;2011
0;Nov 24. 2022;My Morning Jacket;Mahgeetah;It Still Moves;2003
0;Nov 24. 2022;Neutral Milk Hotel;Everything Is;Everything Is;2001
0;Nov 24. 2022;Parquet Courts;Dust;Dust;2016
0;Nov 24. 2022;Veruca Salt;The Museum of Broken Relationships;Ghost Notes;2015
0;Nov 24. 2022;Violent Femmes;He Likes Me;Why Do Birds Sing? (Deluxe Edition);2021
0;Nov 24. 2022;Vampire Weekend;Campus (Album);Vampire Weekend;2008
0;Nov 24. 2022;Yo La Tengo;Autumn Sweater;Prisoners of Love - A Smattering of Scintillating Senescent Songs 1985-2003;2005
0;Nov 24. 2022;Wolf Parade;Shine A LIght;Apologies To The Queen Mary;2005
0;Nov 24. 2022;Wilco;Wilco (The Song);Wilco (The Song);2009
0;Nov 24. 2022;The White Stripes;Catch Hell Blues;Catch Hell Blues;2007
0;Nov 24. 2022;Voxtrot;The Start Of Something;Raised By Wolves EP;2005
0;Nov 24. 2022;Vivian Girls;I Can't Stay;I Can't Stay;2008
0;Nov 24. 2022;Teenage Fanclub;Star Sign;Original Album Classics;2012
0;Nov 24. 2022;Talking Heads;Sugar on My Tongue (2003 Remaster);Sugar on My Tongue (Remastered);2014
0;Nov 20. 2022;Beck;Loser;Mellow Gold;1994
0;Nov 20. 2022;Beach Bunny;Cloud 9;Cloud 9;2020
0;Nov 20. 2022;The Clean;Anything Could Happen;Anthology;2003
0;Nov 20. 2022;The National;Bloodbuzz Ohio;Bloodbuzz Ohio;2010
0;Nov 20. 2022;Goodgirl;Alienation;Poor Habits;2019
0;Nov 20. 2022;Twin Peaks;Making Breakfast;Wild Onion;2014
0;Nov 20. 2022;The Brian Jonestown Massacre;Anenome;Harbour Boat Trips. Vol. 01 Copenhagen (Mixed by Trentemøller);2009
0;Nov 20. 2022;The Orwells;Buddy;Buddy;2016
0;Nov 20. 2022;Night Beats;H-Bomb (Live At Valentine);Live At Valentine;2022
0;Nov 20. 2022;Dehd;Eggshells;Eggshells;2022
0;Nov 20. 2022;BRONCHO;Easy Way Out;Bad Behavior;2018
0;Nov 20. 2022;Cloud Nothings;Wasted Days;Attack On Memory;2012
0;Nov 20. 2022;Allah-Las;Polar Onion;LAHS;2019
0;Nov 20. 2022;Weezer;Undone -- The Sweater Song;Weezer;2004
0;Nov 20. 2022;Delta Spirit;People C'Mon;Music From and Inspired By The Big C;2011
0;Nov 20. 2022;My Morning Jacket;Mahgeetah;It Still Moves;2003
0;Nov 20. 2022;Neutral Milk Hotel;Everything Is;Everything Is;2001
0;Nov 20. 2022;Parquet Courts;Dust;Dust;2016
0;Nov 20. 2022;Veruca Salt;The Museum of Broken Relationships;Ghost Notes;2015
0;Nov 20. 2022;Violent Femmes;He Likes Me;Why Do Birds Sing?;2011
0;Nov 20. 2022;Wolf Parade;Shine A LIght;Apologies To The Queen Mary;2005
0;Nov 20. 2022;Wilco;Wilco (The Song);Wilco (The Song);2009
0;Nov 20. 2022;The White Stripes;Catch Hell Blues;Catch Hell Blues;2007
0;Nov 20. 2022;Voxtrot;The Start Of Something;Raised By Wolves EP;2005
0;Nov 20. 2022;Vivian Girls;I Can't Stay;I Can't Stay;2008
0;Nov 20. 2022;Teenage Fanclub;Star Sign;Original Album Classics;2012
0;Nov 20. 2022;Talking Heads;Sugar on My Tongue (2003 Remaster);Sugar on My Tongue (Remastered);2014
0;Nov 20. 2022;The Replacements;Can't Hardly Wait;Pleased To Meet Me [Expanded Edition];2008
0;Nov 20. 2022;Astralasia;Realise Your Purpose;Astralogy;2014
0;Nov 17. 2022;Vampire Weekend;M79;M79;2008
0;Nov 17. 2022;Oblivians;Bald Headed Woman;Best of the Worst (93-97);2012
0;Nov 17. 2022;Lucy Dacus;Hot & Heavy;Hot & Heavy;2021
0;Nov 17. 2022;Limes;Poor Boy;Tarantula! / Blue Blood;2011
0;Nov 17. 2022;Courtney Barnett;Rae Street;Things Take Time. Take Time;2021
0;Nov 17. 2022;Ultimate Sound Effects Library;Car Sound Effects;Sound Effects Library for Internet Videos. Vol. 1;2015
0;Nov 17. 2022;Guided By Voices;Mincer Ray;Bee Thousand;2005
0;Nov 17. 2022;Hanni El Khatib;Black Constellation;Savage Times;2017
0;Nov 17. 2022;Weaves;Drag Me Down;Drag Me Down;2018
0;Nov 17. 2022;Ween;Captain Fantasy;Live at Stubb's;2003
0;Nov 17. 2022;Neutral Milk Hotel;Tuesday Moon;Everything Is;2001
0;Nov 17. 2022;Tacocat;You Can't Fire Me. I Quit;Lost Time;2016
0;Nov 17. 2022;Pixies;Vamos;Vamos;1988
0;Nov 17. 2022;Radiohead;Paranoid Android;The Best Of;2008
0;Nov 17. 2022;The Unicorns;I Was Born (A Unicorn);Who Will Cut Our Hair When We're Gone? (Remastered);2014
0;Nov 17. 2022;Vivian Girls;Sick;Sick;2019
0;Nov 17. 2022;Rolling Blackouts Coastal Fever;Talking Straight;Talking Straight;2018
0;Nov 17. 2022;Salad Boys;Psych Slasher;Psych Slasher;2017
0;Nov 17. 2022;Nice As Fuck;Runaway;Nice As Fuck;2016
0;Nov 17. 2022;Tee Rain;Windows Remix (Beat);Windows Remix (Beat);2009
0;Nov 17. 2022;The Rapture;Out Of The Races And Onto The Tracks (Album);Out Of The Races And Onto The Tracks;2016
0;Nov 17. 2022;Arcade Fire;Creature Comfort;Creature Comfort;2017
0;Nov 17. 2022;Jagwar Ma;That Loneliness;Howlin;2013
0;Nov 17. 2022;Pavement;We Are Underused;We Are Underused;2008
0;Nov 17. 2022;Frankie Cosmos;Cafeteria;Vessel;2018
0;Nov 17. 2022;The Men;Water Babies;Electric b/w Water Babies;2013
0;Nov 17. 2022;Django Django;Shake and Tremble;Shake and Tremble;2015
0;Nov 17. 2022;Father John Misty;Disappointing Diamonds Are the Rarest of Them All;Disappointing Diamonds Are the Rarest of Them All;2018
0;Nov 17. 2022;Ron Gallo;It's All Gonna Be OK;Stardust Birthday Party;2018
0;Nov 17. 2022;The White Stripes;Party of Special Things to Do;Party of Special Things to Do;2015
0;Nov 17. 2022;La Luz;T.V. Dream;Suicide Squeeze Records Presents Forever Singles;2014
0;Nov 17. 2022;The Flaming Lips;Sun Blows Up Today;Sun Blows Up Today (Non-Album Bonus Track);2013
0;Nov 17. 2022;The Feelies;Everybody's Got Something To Hide (Except Me And My Monkey);Everybody's Got Something To Hide (Except Me And My Monkey);2009
0;Nov 13. 2022;Beach Bunny;Dream Boy;Dream Boy;2019
0;Nov 13. 2022;Sylvan Esso;Radio;Indie Summer;2019
0;Nov 13. 2022;Bon Iver;For Emma;For Emma. Forever Ago;2008
0;Nov 13. 2022;Housewife;I'm Spent;I'm Spent;2022
0;Nov 13. 2022;The War On Drugs;Oceans of Darkness;Oceans of Darkness;2022
0;Nov 13. 2022;Vampire Weekend;Ya Hey;Ya Hey;2013
0;Nov 13. 2022;Oasis;Don't Look Back In Anger;Stop The Clocks;2008
0;Nov 13. 2022;Beach Weather;Sex. Drugs. Etc.;Chit Chat;2016
0;Nov 13. 2022;Band of Horses;The Funeral;Digital Bang: Sub Pop’s Amazon Sampler;2010
0;Nov 13. 2022;Plains;Problem With It;Problem With It;2022
0;Nov 13. 2022;Arctic Monkeys;Fluorescent Adolescent;Favourite Worst Nightmare;2007
0;Nov 13. 2022;Broken Bells;Saturdays;Into The Blue;2022
0;Nov 13. 2022;Archers of Loaf;Web in Front;Icky Mettle (Deluxe Reissue);2011
0;Nov 13. 2022;The Dandy Warhols;Godless;Thirteen Tales From Urban Bohemia;2009
0;Nov 13. 2022;Talking Heads;Psycho Killer (Remastered Album Version );The Best Of Talking Heads;2004
0;Nov 13. 2022;Beat Happening;Indian Summer;Look Around;2015
0;Nov 13. 2022;Adia Victoria;Different Kind Of Love;Different Kind Of Love;2019
0;Nov 13. 2022;Radiohead;Optimistic;Kid A;2000
0;Nov 13. 2022;Arcade Fire;My Body Is a Cage;Neon Bible;2017
0;Nov 13. 2022;Parquet Courts;Slide Machine;Slide Machine;2014
0;Nov 13. 2022;Violent Femmes;Out The Window;Why Do Birds Sing?;1991
0;Nov 13. 2022;Bass Drum of Death;Nerve Jamming;GB City;2011
0;Nov 13. 2022;Best Coast;Boyfriend;Crazy For You;2012
0;Nov 13. 2022;Blind Melon;Tones Of Home;Best Of Blind Melon;2005
0;Nov 13. 2022;Lucy Dacus;Night Shift;Night Shift;2017
0;Nov 13. 2022;Ty Segall;Son of Sam;Singles 2007-2010;2011
0;Nov 13. 2022;Alex G;Runner;Runner;2022
0;Nov 13. 2022;Weezer;In The Garage;Weezer;1994
0;Nov 13. 2022;The Breeders;Divine Hammer;Divine Hammer;1993
0;Nov 13. 2022;Blondie;Call Me;Blondie 4(0)-Ever: Greatest Hits Deluxe Redux / Ghosts Of Download;2014
0;Nov 10. 2022;Beck;Elevator Music;The Information;2006
0;Nov 10. 2022;Beach Bunny;Dream Boy;Dream Boy;2019
0;Nov 10. 2022;Sylvan Esso;Radio;Indie Summer;2019
0;Nov 10. 2022;Bon Iver;For Emma;For Emma. Forever Ago;2008
0;Nov 10. 2022;Housewife;I'm Spent;I'm Spent;2022
0;Nov 10. 2022;The War On Drugs;Oceans of Darkness;Oceans of Darkness;2022
0;Nov 10. 2022;Vampire Weekend;Ya Hey;Ya Hey;2013
0;Nov 10. 2022;Oasis;Don't Look Back In Anger;Stop The Clocks;2008
0;Nov 10. 2022;Beach Weather;Sex. Drugs. Etc.;Chit Chat;2016
0;Nov 10. 2022;Band of Horses;The Funeral;Digital Bang: Sub Pop’s Amazon Sampler;2010
0;Nov 10. 2022;Plains;Problem With It;Problem With It;2022
0;Nov 10. 2022;Arctic Monkeys;Fluorescent Adolescent;Favourite Worst Nightmare;2007
0;Nov 10. 2022;Broken Bells;Saturdays;Into The Blue;2022
0;Nov 10. 2022;Archers of Loaf;Web in Front;Icky Mettle (Deluxe Reissue);2011
0;Nov 10. 2022;The Dandy Warhols;Godless;Thirteen Tales From Urban Bohemia;2009
0;Nov 10. 2022;Talking Heads;Psycho Killer (Remastered Album Version );The Best Of Talking Heads;2004
0;Nov 10. 2022;Beat Happening;Indian Summer;Look Around;2015
0;Nov 10. 2022;Adia Victoria;Different Kind Of Love;Different Kind Of Love;2019
0;Nov 10. 2022;Radiohead;Optimistic;Kid A;2000
0;Nov 10. 2022;Arcade Fire;My Body Is A Cage;Euphoria Season 1;2021
0;Nov 10. 2022;Parquet Courts;Slide Machine;Slide Machine;2014
0;Nov 10. 2022;Violent Femmes;Out The Window;Why Do Birds Sing?;2011
0;Nov 10. 2022;Bass Drum of Death;Nerve Jamming;GB City;2011
0;Nov 10. 2022;Best Coast;Boyfriend;Crazy For You;2012
0;Nov 10. 2022;Blind Melon;Tones Of Home;Best Of Blind Melon;2005
0;Nov 10. 2022;Lucy Dacus;Night Shift;Night Shift;2017
0;Nov 10. 2022;Ty Segall;Son of Sam;Singles 2007-2010;2011
0;Nov 10. 2022;Alex G;Runner;Runner;2022
0;Nov 10. 2022;Weezer;In The Garage;Weezer;1994
0;Nov 10. 2022;The Breeders;Divine Hammer;Divine Hammer;1993
0;Nov 10. 2022;Blondie;Call Me;Blondie 4(0)-Ever: Greatest Hits Deluxe Redux / Ghosts Of Download;2014
0;Nov 6. 2022 ;The Shins;Australia;Australia (CD);2007
0;Nov 6. 2022 ;Modest Mouse;Ocean Breathes Salty (Album Version);Good News For People Who Love Bad News;2004
0;Nov 6. 2022 ;The Dead Weather;So Far from Your Weapon;Horehound;2500
0;Nov 6. 2022 ;Sebadoh;Willing To Wait;Willing To Wait;2006
0;Nov 6. 2022 ;Tijuana Panthers;Advice;EP;2008
0;Nov 6. 2022 ;Ty Segall;Drug Mugger;Mr. Face;2015
0;Nov 6. 2022 ;Pixies;Debaser;Death To The Pixies;1997
0;Nov 6. 2022 ;The Jon Spencer Blues Explosion;Cowboy;Orange;2010
0;Nov 6. 2022 ;King Khan & The Shrines;Born to Die;Idle No More;2013
0;Nov 6. 2022 ;Black Lips;Cold Hands;Good Bad Not Evil;2007
0;Nov 6. 2022 ;Twerps;I Don't Mind;Range Anxiety;2015
0;Nov 6. 2022 ;PJ Harvey;Down By The Water;To Bring You My Love;1995
0;Nov 6. 2022 ;Limes;Merrilly;Tarantula! / Blue Blood;2011
0;Nov 6. 2022 ;Matthew Sweet;Sick of Myself;Platinum & Gold Collection;1995
0;Nov 6. 2022 ;Hinds;Bamboo;Demo;2014
0;Nov 6. 2022 ;Pavement;Elevate Me Later;Elevate Me Later;1994
0;Nov 6. 2022 ;The Black Keys;She Said. She Said;The Big Come Up;2008
0;Nov 6. 2022 ;Blondie;One Way Or Another (2001 - Remaster);One Way Or Another;2013
0;Nov 6. 2022 ;Crocodiles;I Wanna Kill;Summer of Hate (Bonus Track Version);2014
0;Nov 6. 2022 ;Broken Bells;The Ghost Inside;The Ghost Inside;2010
0;Nov 6. 2022 ;Car Seat Headrest;Vincent;Vincent;2016
0;Nov 6. 2022 ;BRONCHO;Deena;Just Enough Hip to Be Woman;2014
0;Nov 6. 2022 ;Built To Spill;Sidewalk;Sidewalk;1999
0;Nov 6. 2022 ;Courtney Barnett;Nobody Really Cares If You Don't Go to the Party;Sometimes I Sit and Think. and Sometimes I Just Sit;2015
0;Nov 6. 2022 ;Radiohead;Man of War;OK Computer OKNOTOK 1997 2017;2017
0;Nov 6. 2022 ;The White Stripes;Rag and Bone;Rag and Bone;2020
0;Nov 6. 2022 ;Ne-Hi;Since I've Been Thinking;NE-HI;2014
0;Nov 6. 2022 ;Neutral Milk Hotel;You've Passed;On Avery Island;1996
0;Nov 6. 2022 ;Tacocat;The Internet;Lost Time;2016
0;Nov 6. 2022 ;Frankie Cosmos;On the Lips;On the Lips;2016
0;Nov 6. 2022 ;The Coathangers;Down Down;Nosebleed Weekend;2016
0;Nov 6. 2022 ;Astralasia;Realise Your Purpose;Astralogy;2014
0;Nov 6. 2022 ;The Unicorns;I Was Born (A Unicorn);Who Will Cut Our Hair When We're Gone? (Remastered);2014
0;001100;A Tribe Called Quest;Word Play;Beats. Rhymes And Life;1996
0;001100;A Tribe Called Quest;Stressed Out;Beats. Rhymes And Life;1996
0;001100;A Tribe Called Quest;Stressed Out (feat. Faith Evans);Beats. Rhymes And Life;1996
0;001100;A Tribe Called Quest;Start It Up;The Love Movement;1998
0;001100;A Tribe Called Quest;Find A Way;The Love Movement;1998
0;001100;A Tribe Called Quest;Da Booty;The Love Movement;1998
0;001100;A Tribe Called Quest;Steppin' It Up;The Love Movement;1998
0;001100;A Tribe Called Quest;Like It Like That;The Love Movement;1998
0;001100;A Tribe Called Quest;Common Ground (Get It Goin' On);The Love Movement;1998
0;001100;A Tribe Called Quest;4 Moms (feat. Spanky);The Love Movement;1998
0;001100;A Tribe Called Quest;His Name Is Mutty Ranks;The Love Movement;1998
0;001100;A Tribe Called Quest;Give Me (feat. Noreaga);The Love Movement;1998
0;001100;A Tribe Called Quest;Pad & Pen (feat. D-Life);The Love Movement;1998
0;001100;A Tribe Called Quest;Busta's Lament;The Love Movement;1998
0;001100;A Tribe Called Quest;Hot 4 U;The Love Movement;1998
0;001100;A Tribe Called Quest;Against The World;The Love Movement;1998
0;001100;A Tribe Called Quest;The Love;The Love Movement;1998
0;001100;A Tribe Called Quest;Rock Rock Y'all (feat. Punchline. Wordsworth. Jane Doe & Mos Def);The Love Movement;1998
0;001100;A Tribe Called Quest;Scenario (Remix);The Love Movement Bonus CD;1998
0;001100;A Tribe Called Quest;Money Maker;The Love Movement Bonus CD;1998
0;001100;A Tribe Called Quest;Hot Sex;The Love Movement Bonus CD;1998
0;001100;A Tribe Called Quest;Oh My God (Remix);The Love Movement Bonus CD;1998
0;001100;A Tribe Called Quest;Jazz (We´ve Got) (Re-Recording);The Love Movement Bonus CD;1998
