Artist;Title;Album;Year
Judas Priest;Caviar and Meths;Hero, Hero;1979
Judas Priest;Cheater;Hero, Hero;1979
Judas Priest;Deceiver;Hero, Hero;1979
Judas Priest;Deep Freeze;Hero, Hero;1979
Judas Priest;Diamonds and Rust;Hero, Hero;1979
Judas Priest;Dreamer Deceiver;Hero, Hero;1979
Judas Priest;Dying to Meet You;Hero, Hero;1979
Judas Priest;Genocide;Hero, Hero;1979
Judas Priest;Never Satisfied;Hero, Hero;1979
Judas Priest;One for the Road;Hero, Hero;1979
Judas Priest;Prelude;Hero, Hero;1979
Judas Priest;Rocka Rolla;Hero, Hero;1979
Judas Priest;Run of the Mill;Hero, Hero;1979
Judas Priest;Tyrant;Hero, Hero;1979
Judas Priest;Victim of Changes;Hero, Hero;1979
Judas Priest;Winter;Hero, Hero;1979
Judas Priest;Winter Retreat;Hero, Hero;1979
Judas Priest;Hot For Love;Turbo;1986
Judas Priest;Locked In;Turbo;1986
Judas Priest;Out In The Cold;Turbo;1986
Judas Priest;Parental Guidance;Turbo;1986
Judas Priest;Private Property;Turbo;1986
Judas Priest;Reckless;Turbo;1986
Judas Priest;Rock You All Around The World;Turbo;1986
Judas Priest;Turbo Lover;Turbo;1986
Judas Priest;Wild Nights, Hot & Crazy Days;Turbo;1986
Iron Maiden;2 Minutes to Midnight;2 Minutes to Midnight/Aces High;1990
Corrosion Of Conformity;Loss For Words;Animosity;1985
David Shankle Group;Ashes To Ashes;Ashes to Ashes;2003
Iron Maiden;Virus;Best Of The Beast;1996
S.O.D.;Bigger Than The Devil;Bigger Than The Devil;2000
S.O.D.;Seasoning The Obese;Bigger Than The Devil;2000
Black Sabbath;Black Sabbath;Black Box: The Complete Original Black Sabbath (1970-1978);1970
Black Sabbath;Black Sabbath;Black Sabbath;1970
Black Sabbath;Wheels Of Confusion/The Straightener;Black Sabbath, Vol.4;1972
Judas Priest;Rapid Fire;British Steel;1980
Judas Priest;Rapid Fire;British Steel [The Re-Masters];1980
Arch Enemy;The Immortal;Burning Bridges;2001
Megadeth;Kill The King;Capitol Punishment: The Megadeth Years;2000
Alestorm;Over The Seas;Captain Morgan's Revenge;2008
Pantera;Cowboys From Hell;Cowboys From Hell;1990
Cycle Sluts from Hell;Conqueress;Cycle Sluts from Hell;1991
Judas Priest;Freewheel Burning;Defenders Of The Faith;1984
Judas Priest;Freewheel Burning;Defenders Of The Faith [Remastered];1984
Moi dix Mois;Dix infernal;Dix infernal;2003
Mercyful Fate;A Dangerous Meeting;Don't Break The Oath;1984
Wadge;Programmed Deviation;Drum Machine Madness;2003
Rollins Band;Low Self Opinion;The End of Silence;1992
Edguy;Midgets Of Metal;Evil Minded;1994
Bulldoze;Beatdown;The Final Beatdown;1998
Yngwie Malmsteen;Perpetual;Fire And Ice;1992
Testament;For The Glory Of...;The Formation Of Damnation;2008
Arnocorps;Arno Intro;The Greatest Band of All Time;2005
Judas Priest;Delivering The Goods;Hell Bent For Leather;1978
Judas Priest;Delivering The Goods;Hell Bent For Leather [The Remasters];1978
Stratovarius;Hunting High And Low;Hunting High & Low;2000
Wolfbrigade;The Awakening;In Darkness You Feel No Regrets;2003
Grip Inc.;Curse (Of The Cloth);Incorporated;2004
Stratovarius;Will My Soul Ever Rest In Peace?;Intermission;2001
Iron Maiden;Prowler;Iron Maiden;1980
Finntroll;Krig (Intro);Jaktens Tid;2001
Helloween;Invitation;Keeper Of The Seven Keys Part 2;2006
Metallica;Hit the Lights;Kill 'em All;1983
Iron Maiden;The Ides Of March;Killers;1981
Crumbsuckers;Just Sit There;Life of Dreams;1999
My Bloody Valentine;Only Shallow;Loveless;1991
Wolfpack;March of the Wolves (intro);Lycanthro Punk;1998
Merauder;Time Ends;Master Killer;1996
Black Sabbath;Sweet Leaf;Master of Reality;1971
Dragonforce;The Game;Maximum Overload;2014
Helmet;In The Meantime;Meantime;1992
Mercyful Fate;Evil;Melissa;1983
Mercyful Fate;A Corpse Without Soul;Mercyful Fate;1982
Judas Priest;The Hellion;Metal Works 1973-1993 [Disc1] [1 of 2] [Remast;-1
Judas Priest;The Hellion;Metal Works '73 -'93;1993
Judas Priest;Screaming For Vengeance;Metal Works 73-93 (Disc 2);1993
Black Sabbath;Never Say Die;Never Say Die;1978
Iron Maiden;Tailgunner;No Prayer For The Dying;1990
Moi Dix Mois;Invite to Immorality;Nocturnal Opera;2003
Type O Negative;Bad Ground;October Rust;1996
Hellshock;Your World;Only The Dead Know The End Of War LP;2003
Ozzy Osbourne;Black Sabbath;The Ozzman Cometh;1997
Judas Priest;Painkiller;Painkiller;1990
Judas Priest;Painkiller;Painkiller [The Re-Masters];1990
Black Sabbath;War Pigs/Luke's Wall;Paranoid;1970
Judas Priest;Heading Out To The Highway;Point Of Entry;1981
Grip Inc.;Toque de Muerto;Power of Inner Strength;1995
Amebix;ICBM;The Power Remains;1999
Iron Maiden;Aces High;Powerslave;1984
Ludichrist;Powertrip;Powertrip;2000
Judas Priest;Ram It Down;Ram It Down;1988
Metallica;Fight Fire With Fire;Ride the Lightning;1984
Judas Priest;One For The Road;Rocka Rolla;1974
Judas Priest;One For The Road;Rocka Rolla (Digipak Re-release);1974
Black Sabbath;Sabbath Bloody Sabbath;Sabbath Bloody Sabbath;1973
Black Sabbath;Hole In The Sky;Sabotage;1975
Judas Priest;Victim of Changes;Sad Wings of Destiny;1976
Judas Priest;Victim of Changes;Sad Wings of Destiny (Digipak re-release);1976
Judas Priest;The Hellion;Screaming for Vengeance;1982
Iron Maiden;Moonchild;Seventh Son Of A Seventh Son;1988
Jesus Lizard;Glamorous;Show;1993
Judas Priest;Sinner;Sin After Sin;1977
Judas Priest;Sinner;Sin After Sin [The Re-Masters];1977
Labyrinth;Chapter 1;Sons Of Thunder;2000
Judas Priest;Exciter;Stained Class;1978
Judas Priest;Exciter;Stained Class (remastered);1978
Black Sabbath;Back Street Kids;Technical Ecstasy;1976
All Shall Perish;Divine Illusion;This Is Where It Ends;2011
Stratovarius;Break The Ice;Twilight Time;1999
Judas Priest;Exciter;Unleashed In The East;1979
Pantera;Mouth For War;Vulgar Display Of Power;1992
Arch Enemy;Enemy Within;Wages of Sin;2002
Pantera;Walk (cervical edit);Walk (EP);1993
Manowar;Call To Arms;Warriors of the World;2002
Eddie Antonini;I Want Out;When Water Became Ice;1998
Faith No More;We Care A Lot (Original Version);Who Cares A Lot? The Greatest Hits [Disc 1];1998
Faith No More;The World Is Yours;Who Cares A Lot? The Greatest Hits [Disc 2];1998
Ministry;N.W.O.;Psalm 69;1992
Corrosion Of Conformity;Mad World;Animosity;1985
David Shankle Group;A Raven At Midnight;Ashes to Ashes;2003
Iron Maiden;Running Free (Live);Best Of The Beast;1996
S.O.D.;The Crackhead Song;Bigger Than The Devil;2000
S.O.D.;Raise Your Sword;Bigger Than The Devil;2000
Black Sabbath;N.I.B.;Black Box: The Complete Original Black Sabbath (1970-1978);1970
Black Sabbath;The Wizard;Black Box: The Complete Original Black Sabbath (1970-1978);1970
Black Sabbath;The Wizard;Black Sabbath;1970
Black Sabbath;Tomorrow`s Dream;Black Sabbath, Vol.4;1972
Judas Priest;Metal Gods;British Steel;1980
Judas Priest;Metal Gods;British Steel [The Re-Masters];1980
Ryker's;Brother Against Brother;Brother Against Brother;1994
Arch Enemy;Dead Inside;Burning Bridges;2001
Megadeth;Dread & The Fugitive Mind;Capitol Punishment: The Megadeth Years;2000
Alestorm;Captain Morgan's Revenge;Captain Morgan's Revenge;2008
Pantera;Primal Concrete Sledge;Cowboys From Hell;1990
Cycle Sluts from Hell;By the Balls;Cycle Sluts from Hell;1991
Judas Priest;Jawbreaker;Defenders Of The Faith;1984
Judas Priest;Jawbreaker;Defenders Of The Faith [Remastered];1984
Moi dix Mois;La dix croix;Dix infernal;2003
Mercyful Fate;Nightmare;Don't Break The Oath;1984
Nemo;RoboSong1;Drum Machine Madness;2003
Bulldoze;The Truth;The Final Beatdown;1998
Yngwie Malmsteen;Dragonfly;Fire And Ice;1992
Testament;More Than Meets The Eye;The Formation Of Damnation;2008
Arnocorps;Predator;The Greatest Band of All Time;2005
Judas Priest;Rock Forever;Hell Bent For Leather;1978
Judas Priest;Rock Forever;Hell Bent For Leather [The Remasters];1978
Stratovarius;Millenium;Hunting High & Low;2000
Chimaira;Without Mortal Restraint;The Impossibility Of Reason;2004
Wolfbrigade;FrÃ¥n Vaggan Till Graven;In Darkness You Feel No Regrets;2003
Grip Inc.;The Answer;Incorporated;2004
Stratovarius;Falling Into Fantasy;Intermission;2001
Iron Maiden;Sanctuary;Iron Maiden;1980
Finntroll;FÃ¶dosagan;Jaktens Tid;2001
Helloween;Eagle Fly Free;Keeper Of The Seven Keys Part 2;2006
Metallica;The Four Horsemen;Kill 'em All;1983
Iron Maiden;Wrathchild;Killers;1981
Crumbsuckers;Trapped;Life of Dreams;1999
Wolfpack;Wails of Death;Lycanthro Punk;1998
Merauder;Life Is Pain;Master Killer;1996
Black Sabbath;After Forever;Master of Reality;1971
Dragonforce;Tomorrow's Kings;Maximum Overload;2014
Mercyful Fate;Curse Of The Pharaohs;Melissa;1983
Mercyful Fate;Nuns Have No Fun;Mercyful Fate;1982
Judas Priest;Electric Eye;Metal Works 1973-1993 [Disc1] [1 of 2] [Remast;-1
Judas Priest;Electric Eye;Metal Works '73 -'93;1993
Judas Priest;You've Got Another Thing Comin';Metal Works 73-93 (Disc 2);1993
Black Sabbath;Johnny Blade;Never Say Die;1978
Iron Maiden;Holy Smoke;No Prayer For The Dying;1990
Moi Dix Mois;Nocturnal Romance;Nocturnal Opera;2003
Iron Maiden;Children Of The Damned;The Number Of the Beast;1998
Type O Negative;[untitled];October Rust;1996
Hellshock;The Company Of Fools;Only The Dead Know The End Of War LP;2003
Ozzy Osbourne;War Pigs;The Ozzman Cometh;1997
Judas Priest;Hell Patrol;Painkiller;1990
Judas Priest;Hell Patrol;Painkiller [The Re-Masters];1990
Black Sabbath;Paranoid;Paranoid;1970
Judas Priest;Don't Go;Point Of Entry;1981
Grip Inc.;Savage Seas (Retribution);Power of Inner Strength;1995
Amebix;The power remains;The Power Remains;1999
Iron Maiden;2 Minutes To Midnight;Powerslave;1984
Ludichrist;Zad;Powertrip;2000
Judas Priest;Heavy Metal;Ram It Down;1988
Metallica;Ride The Lightning;Ride the Lightning;1984
Judas Priest;Rocka Rolla;Rocka Rolla;1974
Judas Priest;Rocka Rolla;Rocka Rolla (Digipak Re-release);1974
Black Sabbath;A National Acrobat;Sabbath Bloody Sabbath;1973
Black Sabbath;Don't Start (Too Late);Sabotage;1975
Judas Priest;The Ripper;Sad Wings of Destiny;1976
Judas Priest;The Ripper;Sad Wings of Destiny (Digipak re-release);1976
Judas Priest;Electric Eye;Screaming for Vengeance;1982
Iron Maiden;Infinite Dreams;Seventh Son Of A Seventh Son;1988
Jesus Lizard;Deaf As A Bat;Show;1993
Judas Priest;Diamonds And Rust;Sin After Sin;1977
Judas Priest;Diamonds And Rust;Sin After Sin [The Re-Masters];1977
Labyrinth;Kathryn;Sons Of Thunder;2000
Judas Priest;White Heat, Red Hot;Stained Class;1978
Judas Priest;White Heat, Red Hot;Stained Class (remastered);1978
Black Sabbath;You Won't Change Me;Technical Ecstasy;1976
All Shall Perish;There Is Nothing Left;This Is Where It Ends;2011
Therapy?;Screamager;Troublegum;1994
Stratovarius;The Hands Of Time;Twilight Time;1999
Judas Priest;Running Wild;Unleashed In The East;1979
Pantera;A New Level;Vulgar Display Of Power;1992
Arch Enemy;Burning Angel;Wages of Sin;2002
Pantera;Fucking Hostile (Biomechanical mix);Walk (EP);1993
Manowar;The Fight For Freedom;Warriors of the World;2002
Eddie Antonini;Save Us;When Water Became Ice;1998
Faith No More;Introduce Yourself;Who Cares A Lot? The Greatest Hits [Disc 1];1998
Faith No More;Hippie Jam Song;Who Cares A Lot? The Greatest Hits [Disc 2];1998
Corrosion Of Conformity;Consumed;Animosity;2006
David Shankle Group;The Widowâ€™s Grief;Ashes to Ashes;2003
Avantasia;The Final Sacrifice;Avantasia;2000
Iron Maiden;Man On The Edge;Best Of The Beast;1996
Iron Maiden;2 Minutes To Midnight;Best Of The Beast;1996
S.O.D.;Kill The Assholes;Bigger Than The Devil;2000
Black Sabbath;Wasp / Behind The Wall Of Sleep / Bassically / N.I.B.;Black Sabbath;1970
Black Sabbath;Changes;Black Sabbath, Vol.4;1972
Judas Priest;Breaking The Law;British Steel;1980
Judas Priest;Breaking The Law;British Steel [The Re-Masters];1980
Arch Enemy;Pilgrim;Burning Bridges;2001
Megadeth;Crush 'Em;Capitol Punishment: The Megadeth Years;2000
Alestorm;The Huntmaster;Captain Morgan's Revenge;2008
Pantera;Psycho Holiday;Cowboys From Hell;1990
Cycle Sluts from Hell;Queen High Love;Cycle Sluts from Hell;1991
Judas Priest;Rock Hard Ride Free;Defenders Of The Faith;1984
Judas Priest;Rock Hard Ride Free;Defenders Of The Faith [Remastered];1984
Moi dix Mois;front et baiser;Dix infernal;2003
Mercyful Fate;Desecration Of Souls;Don't Break The Oath;1984
Pilgrim Fetus;Piece By Piece Replacement;Drum Machine Madness;2003
Bulldoze;Bulldoze;The Final Beatdown;1998
Yngwie Malmsteen;Teaser;Fire And Ice;1992
Testament;The Evil Has Landed;The Formation Of Damnation;2008
Ryker's;End of the Line;From the Cradle to the Grave;2008
Arnocorps;True Lies;The Greatest Band of All Time;2005
Judas Priest;Evening Star;Hell Bent For Leather;1978
Judas Priest;Evening Star;Hell Bent For Leather [The Remasters];1978
Stratovarius;Neon Light Child;Hunting High & Low;2000
Wolfbrigade;Papercuts;In Darkness You Feel No Regrets;2003
Grip Inc.;Prophecy;Incorporated;2004
Stratovarius;The Curtains Are Falling;Intermission;2001
Iron Maiden;Remember Tomorrow;Iron Maiden;1980
Finntroll;Slaget Vid BlodsÃ¤lv;Jaktens Tid;2001
Helloween;You Always Walk Alone;Keeper Of The Seven Keys Part 2;2006
Metallica;Motorbreath;Kill 'em All;1983
Iron Maiden;Murders In The Rue Morgue;Killers;1981
Crumbsuckers;Interlude;Life of Dreams;1999
Wolfpack;Powerpigs;Lycanthro Punk;1998
Merauder;Mirror Shows Black;Master Killer;1996
Black Sabbath;Embryo;Master of Reality;1971
Dragonforce;No More;Maximum Overload;2014
Mercyful Fate;Into The Coven;Melissa;1983
Mercyful Fate;Doomed By The Living Dead;Mercyful Fate;1982
Piledriver;Sodomize the Dead;Metal Inquisition/Stay Ugly;1998
Judas Priest;Victim Of Changes;Metal Works 1973-1993 [Disc1] [1 of 2] [Remast;-1
Judas Priest;Victim Of Changes;Metal Works '73 -'93;1993
Judas Priest;Beyond the Realms Of Death;Metal Works 73-93 (Disc 2);1993
Black Sabbath;Junior's Eyes;Never Say Die;1978
Iron Maiden;No Prayer For The Dying;No Prayer For The Dying;1990
Moi Dix Mois;monophobia;Nocturnal Opera;2003
Iron Maiden;The Prisoner;The Number Of the Beast;1998
Type O Negative;Love You to Death;October Rust;1996
Hellshock;Ghosts Of The Past;Only The Dead Know The End Of War LP;2003
Ozzy Osbourne;Goodbye To Romance;The Ozzman Cometh;1997
Judas Priest;All Guns Blazing;Painkiller;1990
Judas Priest;All Guns Blazing;Painkiller [The Re-Masters];1990
Deathspell Omega;Abscission;Paracletus;2011
Black Sabbath;Planet Caravan;Paranoid;1970
Anthrax;Got the Time;Persistence of Time;1990
Judas Priest;Hot Rockin';Point Of Entry;1981
Grip Inc.;Hostage to Heaven;Power of Inner Strength;1995
Amebix;Chain reaction;The Power Remains;1999
Iron Maiden;Losfer Words (Big 'Orra);Powerslave;1984
Ludichrist;Stuff To Fill Graves;Powertrip;2000
Judas Priest;Love Zone;Ram It Down;1988
Pantera;Do This My Way;Reinventing the Steel [Clean];2000
Metallica;For Whom The Bell Tolls;Ride the Lightning;1984
Judas Priest;Winter;Rocka Rolla;1974
Judas Priest;Winter;Rocka Rolla (Digipak Re-release);1974
Black Sabbath;Fluff;Sabbath Bloody Sabbath;1973
Black Sabbath;Symptom Of The Universe;Sabotage;1975
Judas Priest;Dreamer Deceiver;Sad Wings of Destiny;1976
Judas Priest;Dreamer Deceiver;Sad Wings of Destiny (Digipak re-release);1976
Judas Priest;Riding on the Wind;Screaming for Vengeance;1982
Iron Maiden;Can I Play With Madness;Seventh Son Of A Seventh Son;1988
Jesus Lizard;Sea Sick;Show;1993
Judas Priest;Starbreaker;Sin After Sin;1977
Judas Priest;Starbreaker;Sin After Sin [The Re-Masters];1977
Labyrinth;Sons Of Thunder;Sons Of Thunder;2000
Judas Priest;Better By You, Better Than Me;Stained Class;1978
Judas Priest;Better By You, Better Than Me;Stained Class (remastered);1978
Black Sabbath;It's Alright;Technical Ecstasy;1976
All Shall Perish;Procession Of Ashes;This Is Where It Ends;2011
Manimals;My Blackest Mood;Turn Up the Fun;2000
Stratovarius;Madness Strikes At Midnight;Twilight Time;1999
Judas Priest;Sinner;Unleashed In The East;1979
Pantera;Walk;Vulgar Display Of Power;1992
Arch Enemy;Heart Of Darkness;Wages of Sin;2002
Pantera;By Demons Be Driven (Biomechanical mix);Walk (EP);1993
Manowar;Nessun Dorma;Warriors of the World;2002
Faith No More;From Out Of Nowhere;Who Cares A Lot? The Greatest Hits [Disc 1];1998
Faith No More;Instrumental;Who Cares A Lot? The Greatest Hits [Disc 2];1998
Corrosion Of Conformity;Holier;Animosity;1985
David Shankle Group;The Widowâ€™s Peak;Ashes to Ashes;2003
Iron Maiden;Aces High;Best Of The Beast;1996
S.O.D.;Monkeys Rule;Bigger Than The Devil;2000
Black Sabbath;Warning;Black Box: The Complete Original Black Sabbath (1970-1978);1970
Black Sabbath;Evil Woman;Black Sabbath;1970
Black Sabbath;Wicked World;Black Sabbath;1970
Black Sabbath;FX;Black Sabbath, Vol.4;1972
Judas Priest;Grinder;British Steel;1980
Judas Priest;Grinder;British Steel [The Re-Masters];1980
Arch Enemy;Silverwing;Burning Bridges;2001
Megadeth;Use The Man;Capitol Punishment: The Megadeth Years;2000
Alestorm;Nancy The Tavern Wench;Captain Morgan's Revenge;2008
Pantera;Heresy;Cowboys From Hell;1990
Cycle Sluts from Hell;Dark Ships;Cycle Sluts from Hell;1991
Judas Priest;The Sentinel;Defenders Of The Faith;1984
Judas Priest;The Sentinel;Defenders Of The Faith [Remastered];1984
Moi dix Mois;Ange;Dix infernal;2003
Mercyful Fate;Night Of The Unborn;Don't Break The Oath;1984
Alien Crucifixion;The Trenches Of Chasma;Drum Machine Madness;2003
Bulldoze;All I Have;The Final Beatdown;1998
Yngwie Malmsteen;How Many Miles To Babylon?;Fire And Ice;1992
Testament;The Formation Of Damnation;The Formation Of Damnation;2008
Arnocorps;Total Recall;The Greatest Band of All Time;2005
Judas Priest;Hell Bent For Leather;Hell Bent For Leather;1978
Judas Priest;Hell Bent For Leather;Hell Bent For Leather [The Remasters];1978
Stratovarius;Hunting High And Low (Demo Version);Hunting High & Low;2000
Wolfbrigade;No Heart Bleeds;In Darkness You Feel No Regrets;2003
Grip Inc.;Endowment Of Apathy;Incorporated;2004
Stratovarius;Requiem;Intermission;2001
Iron Maiden;Running Free;Iron Maiden;1980
Finntroll;Skogens HÃ¤mnd;Jaktens Tid;2001
Helloween;Rise And Fall;Keeper Of The Seven Keys Part 2;2006
Metallica;Jump in the Fire;Kill 'em All;1983
Iron Maiden;Another Life;Killers;1981
Crumbsuckers;Super Tuesday;Life of Dreams;1999
Wolfpack;Dead Heading;Lycanthro Punk;1998
Edguy;04 - All the clowns;Mandrake;2001
Merauder;Master Killer;Master Killer;1996
Black Sabbath;Children Of The Grave;Master of Reality;1971
Dragonforce;Three Hammers;Maximum Overload;2014
Mercyful Fate;At The Sound Of The Demon Bell;Melissa;1983
Mercyful Fate;Devil Eyes;Mercyful Fate;1982
Judas Priest;Painkiller;Metal Works 1973-1993 [Disc1] [1 of 2] [Remast;-1
Judas Priest;Painkiller;Metal Works '73 -'93;1993
Judas Priest;Solar Angels;Metal Works 73-93 (Disc 2);1993
Black Sabbath;A Hard Road;Never Say Die;1978
Iron Maiden;Public Enema Number One;No Prayer For The Dying;1990
Moi Dix Mois;vestige;Nocturnal Opera;2003
Iron Maiden;22 Acacia Avenue;The Number Of the Beast;1998
Type O Negative;Be My Druidess;October Rust;1996
Hellshock;Media;Only The Dead Know The End Of War LP;2003
Ozzy Osbourne;Crazy Train;The Ozzman Cometh;1997
Judas Priest;Leather Rebel;Painkiller;1990
Judas Priest;Leather Rebel;Painkiller [The Re-Masters];1990
Deathspell Omega;Dearth;Paracletus;2011
Black Sabbath;Iron Man;Paranoid;1970
Iron Maiden;Die with Your Boots On;Piece of Mind;1990
Judas Priest;Turning Circles;Point Of Entry;1981
Amebix;Last will and testament;The Power Remains;1999
Iron Maiden;Flash Of The Blade;Powerslave;1984
Ludichrist;The Tip Of My Mind;Powertrip;2000
Borknagar;Colossus;Quintessence;2000
Judas Priest;Come And Get It;Ram It Down;1988
Metallica;Fade To Black;Ride the Lightning;1984
Judas Priest;Deep Freeze;Rocka Rolla;1974
Judas Priest;Deep Freeze;Rocka Rolla (Digipak Re-release);1974
Black Sabbath;Sabbra Cadabra;Sabbath Bloody Sabbath;1973
Black Sabbath;Megalomania;Sabotage;1975
Judas Priest;Deceiver;Sad Wings of Destiny;1976
Judas Priest;Deceiver;Sad Wings of Destiny (Digipak re-release);1976
Judas Priest;Bloodstone;Screaming for Vengeance;1982
Iron Maiden;The Evil That Men Do;Seventh Son Of A Seventh Son;1988
Jesus Lizard;Bloody Mary;Show;1993
Judas Priest;Last Rose Of Summer;Sin After Sin;1977
Judas Priest;Last Rose Of Summer;Sin After Sin [The Re-Masters];1977
Judas Priest;Stained Class;Stained Class;1978
Judas Priest;Stained Class;Stained Class (remastered);1978
Black Sabbath;Gypsy;Technical Ecstasy;1976
All Shall Perish;A Pure Evil;This Is Where It Ends;2011
Stratovarius;Metal Frenzy;Twilight Time;1999
Judas Priest;The Ripper;Unleashed In The East;1979
Pantera;Fucking Hostile;Vulgar Display Of Power;1992
Arch Enemy;Ravenous;Wages of Sin;2002
Manowar;Valhalla;Warriors of the World;2002
Weezer;Island in the Sun;Weezer;2001
Faith No More;I Won't Forget You;Who Cares A Lot? The Greatest Hits [Disc 2];1998
Corrosion Of Conformity;Positive Outlook;Animosity;1985
David Shankle Group;Calling All Heros;Ashes to Ashes;2003
Iron Maiden;Be Quick Or Be Dead;Best Of The Beast;1996
S.O.D.;Skool Bus;Bigger Than The Devil;2000
Black Sabbath;A Bit Of Finger / Sleeping Village / Warning;Black Sabbath;1970
Black Sabbath;Supernaut;Black Sabbath, Vol.4;1972
Judas Priest;United;British Steel;1980
Judas Priest;United;British Steel [The Re-Masters];1980
Arch Enemy;Demonic Science;Burning Bridges;2001
Megadeth;Almost Honest;Capitol Punishment: The Megadeth Years;2000
Alestorm;Death Before The Mast;Captain Morgan's Revenge;2008
Pantera;Cemetery Gates;Cowboys From Hell;1990
Cycle Sluts from Hell;I Wish You Were a Beer;Cycle Sluts from Hell;1991
Judas Priest;Love Bites;Defenders Of The Faith;1984
Judas Priest;Love Bites;Defenders Of The Faith [Remastered];1984
Moi dix Mois;tentation;Dix infernal;2003
Mercyful Fate;The Oath;Don't Break The Oath;1984
Agoraphobic Nosebleed;Malformed;Drum Machine Madness;2003
Bulldoze;Suffering;The Final Beatdown;1998
Yngwie Malmsteen;Cry No More;Fire And Ice;1992
Testament;Dangers Of The Faithless;The Formation Of Damnation;2008
Arnocorps;Commando;The Greatest Band of All Time;2005
Judas Priest;Take On The World;Hell Bent For Leather;1978
Judas Priest;Take On The World;Hell Bent For Leather [The Remasters];1978
Stratovarius;Millenium (Demo Version);Hunting High & Low;2000
Wolfbrigade;Outlaw Vagabond;In Darkness You Feel No Regrets;2003
Grip Inc.;Enemy Mind;Incorporated;2004
Stratovarius;Bloodstone;Intermission;2001
Iron Maiden;Phantom of the Opera;Iron Maiden;1980
Finntroll;Jaktens Tid;Jaktens Tid;2001
Helloween;Dr. Stein;Keeper Of The Seven Keys Part 2;2006
Metallica;(Anesthesia) Pulling Teeth;Kill 'em All;1983
Iron Maiden;Genghis Khan;Killers;1981
Crumbsuckers;Shits Creek;Life of Dreams;1999
Wolfpack;Hard Tech;Lycanthro Punk;1998
Merauder;Downfall Of Christ;Master Killer;1996
Black Sabbath;Orchid;Master of Reality;1971
Dragonforce;Symphony Of The Night;Maximum Overload;2014
Mercyful Fate;Black Funeral;Melissa;1983
Judas Priest;Eat Me Alive;Metal Works 1973-1993 [Disc1] [1 of 2] [Remast;-1
Judas Priest;Eat Me Alive;Metal Works '73 -'93;1993
Judas Priest;Bloodstone;Metal Works 73-93 (Disc 2);1993
Black Sabbath;Shock Wave;Never Say Die;1978
Iron Maiden;Fates Warning;No Prayer For The Dying;1990
Moi Dix Mois;Vizard;Nocturnal Opera;2003
Type O Negative;Green Man;October Rust;1996
Hellshock;Walking Death;Only The Dead Know The End Of War LP;2003
Kittie;Run Like Hell (Pink Floyd cover);Oracle;2001
Ozzy Osbourne;Mr. Crowley;The Ozzman Cometh;1997
Judas Priest;Metal Meltdown;Painkiller;1990
Judas Priest;Metal Meltdown;Painkiller [The Re-Masters];1990
Deathspell Omega;Phosphene;Paracletus;2011
Black Sabbath;Electric Funeral;Paranoid;1970
Iron Maiden;The Trooper;Piece of Mind;1983
Judas Priest;Desert Plains;Point Of Entry;1981
Amebix;Nobody's driving (live);The Power Remains;1999
Iron Maiden;The Duellists;Powerslave;1984
Ludichrist;Damage Done;Powertrip;2000
Judas Priest;Hard As Iron;Ram It Down;1988
Pantera;A to G;Reinventing the Steel [Clean];2000
Metallica;Trapped Under Ice;Ride the Lightning;1984
Judas Priest;Winter Retreat;Rocka Rolla;1974
Judas Priest;Winter Retreat;Rocka Rolla (Digipak Re-release);1974
Black Sabbath;Killing Yourself To Live;Sabbath Bloody Sabbath;1973
Black Sabbath;Thrill Of It All;Sabotage;1975
Judas Priest;Prelude;Sad Wings of Destiny;1976
Judas Priest;Prelude;Sad Wings of Destiny (Digipak re-release);1976
Judas Priest;(Take These) Chains;Screaming for Vengeance;1982
Iron Maiden;Seventh Son Of A Seventh Son;Seventh Son Of A Seventh Son;1988
Jesus Lizard;Mistletoe;Show;1993
Judas Priest;Let Us Prey / Call For The Priest;Sin After Sin;1977
Judas Priest;Let Us Prey / Call For The Priest;Sin After Sin [The Re-Masters];1977
Judas Priest;Invader;Stained Class;1978
Judas Priest;Invader;Stained Class (remastered);1978
Black Sabbath;All Moving Parts (Stand Still);Technical Ecstasy;1976
All Shall Perish;Embrace The Curse;This Is Where It Ends;2011
Stratovarius;Twilight Time;Twilight Time;1999
Judas Priest;The Green Manalishi (With The Two-Pronged Crown);Unleashed In The East;1979
Pantera;This Love;Vulgar Display Of Power;1992
Arch Enemy;Savage Messiah;Wages of Sin;2002
Pantera;Cowboys From Hell (live);Walk (EP);1993
Manowar;Swords In The Wind;Warriors of the World;2002
Faith No More;Introduce Yourself (4 Track Demos);Who Cares A Lot? The Greatest Hits [Disc 2];1998
Ministry;Jesus Built My Hotrod;ÎšÎ•Î¦Î‘Î›Î—ÎžÎ˜;1991
Iron Maiden;Number of the Beast [Live];2 Minutes to Midnight/Aces High;1990
Corrosion Of Conformity;Prayer;Animosity;2006
David Shankle Group;Curse Of The Pharaoh;Ashes to Ashes;2005
Iron Maiden;Fear Of The Dark (Live);Best Of The Beast;1996
Iron Maiden;The Trooper;Best Of The Beast;1996
S.O.D.;King At The King / Evil Is In;Bigger Than The Devil;2000
Black Sabbath;Evil;Black Box: The Complete Original Black Sabbath (1970-1978);1970
Black Sabbath;Snowblind;Black Sabbath, Vol.4;1972
Judas Priest;You Don't Have To Be Old To Be Wise;British Steel;1980
Judas Priest;You Don't Have To Be Old To Be Wise;British Steel [The Re-Masters];1980
Deftones;No Ordinary Love;B-Sides & Rarities;2005
Arch Enemy;Seed Of Hate;Burning Bridges;2001
Megadeth;Trust;Capitol Punishment: The Megadeth Years;2000
Alestorm;Terror On The High Seas;Captain Morgan's Revenge;2008
Pantera;Domination;Cowboys From Hell;1990
Cycle Sluts from Hell;Soultaker;Cycle Sluts from Hell;1991
Judas Priest;Eat Me Alive;Defenders Of The Faith;1984
Judas Priest;Eat Me Alive;Defenders Of The Faith [Remastered];1984
Moi dix Mois;Solitude;Dix infernal;2003
Mercyful Fate;Gypsy;Don't Break The Oath;1984
Bulldoze;Our Way;The Final Beatdown;1998
Yngwie Malmsteen;No Mercy;Fire And Ice;1992
Testament;The Persecuted Won't Forget;The Formation Of Damnation;2008
Arnocorps;Collateral Damage;The Greatest Band of All Time;2005
Judas Priest;Burnin' Up;Hell Bent For Leather;1978
Judas Priest;Burnin' Up;Hell Bent For Leather [The Remasters];1978
Wolfbrigade;In Darkness You Feel No Regrets;In Darkness You Feel No Regrets;2003
Grip Inc.;Skin Trade;Incorporated;2004
Stratovarius;Kill The King;Intermission;2001
Iron Maiden;Transylvania;Iron Maiden;1980
Finntroll;Bakom Varje Fura;Jaktens Tid;2001
Helloween;We Got The Right;Keeper Of The Seven Keys Part 2;2006
Metallica;Whiplash;Kill 'em All;1983
Iron Maiden;Innocent Exile;Killers;1981
Crumbsuckers;Return To The Womb;Life of Dreams;1999
Wolfpack;A Basic Urge to Kill;Lycanthro Punk;1998
Merauder;Dead End Path;Master Killer;1996
Black Sabbath;Lord Of This World;Master of Reality;1971
Dragonforce;The Sun Is Dead;Maximum Overload;2014
Mercyful Fate;Satan's Fall;Melissa;1983
Judas Priest;Devil's Child;Metal Works 1973-1993 [Disc1] [1 of 2] [Remast;-1
Judas Priest;Devil's Child;Metal Works '73 -'93;1993
Judas Priest;Desert Plains;Metal Works 73-93 (Disc 2);1993
Black Sabbath;Air Dance;Never Say Die;1978
Iron Maiden;The Assassin;No Prayer For The Dying;1990
Moi Dix Mois;Mephisto Waltz;Nocturnal Opera;2003
Type O Negative;Red Water (Christmas Mourning);October Rust;1996
Hellshock;Who's Scared Now;Only The Dead Know The End Of War LP;2003
Ozzy Osbourne;Over The Mountain;The Ozzman Cometh;1997
Judas Priest;Night Crawler;Painkiller;1990
Judas Priest;Night Crawler;Painkiller [The Re-Masters];1990
Deathspell Omega;Epiklesis II;Paracletus;2011
Black Sabbath;Hand Of Doom;Paranoid;1970
Judas Priest;Solar Angels;Point Of Entry;1981
Grip Inc.;Innate Affliction;Power of Inner Strength;1995
Amebix;Fallen from grave (live);The Power Remains;1999
Iron Maiden;Back In The Village;Powerslave;1984
Ludichrist;T.B.O.S. (Barbiere Di Saviglia);Powertrip;2000
Judas Priest;Blood Red Skies;Ram It Down;1988
Metallica;Escape;Ride the Lightning;1984
Judas Priest;Cheater;Rocka Rolla;1974
Judas Priest;Cheater;Rocka Rolla (Digipak Re-release);1974
Black Sabbath;Who Are You?;Sabbath Bloody Sabbath;1973
Black Sabbath;Supertzar;Sabotage;1975
Judas Priest;Tyrant;Sad Wings of Destiny;1976
Judas Priest;Tyrant;Sad Wings of Destiny (Digipak re-release);1976
Judas Priest;Pain and Pleasure;Screaming for Vengeance;1982
Iron Maiden;The Prophecy;Seventh Son Of A Seventh Son;1988
Jesus Lizard;Nub;Show;1993
Judas Priest;Raw Deal;Sin After Sin;1977
Judas Priest;Raw Deal;Sin After Sin [The Re-Masters];1977
Judas Priest;Saints In Hell;Stained Class;1978
Judas Priest;Saints In Hell;Stained Class (remastered);1978
Black Sabbath;Rock 'n' Roll Doctor;Technical Ecstasy;1976
All Shall Perish;Spineless;This Is Where It Ends;2011
Stratovarius;The Hills Have Eyes;Twilight Time;1999
Judas Priest;Diamonds And Rust;Unleashed In The East;1979
Pantera;Rise;Vulgar Display Of Power;1992
Arch Enemy;Dead Bury Their Dead;Wages of Sin;2002
Pantera;Heresy (live);Walk (EP);1993
Manowar;An American Trilogy;Warriors of the World;2002
Faith No More;Midlife Crisis;Who Cares A Lot? The Greatest Hits [Disc 1];1998
Faith No More;Highway Star;Who Cares A Lot? The Greatest Hits [Disc 2];1998
Corrosion Of Conformity;Intervention;Animosity;2006
David Shankle Group;The Tolling Of The Bell;Ashes to Ashes;2005
Iron Maiden;Bring Your Daughter... To The Slaughter;Best Of The Beast;1996
Iron Maiden;The Number Of The Beast;Best Of The Beast;1996
S.O.D.;Black War;Bigger Than The Devil;2000
Black Sabbath;War Pigs/Luke's Wall;Black Box: The Complete Original Black Sabbath (1970-1978);1971
Black Sabbath;Cornucopia;Black Sabbath, Vol.4;1972
Judas Priest;Living After Midnight;British Steel;1980
Judas Priest;Living After Midnight;British Steel [The Re-Masters];1980
Arch Enemy;Angelclaw;Burning Bridges;2001
Megadeth;A Tout Le Monde;Capitol Punishment: The Megadeth Years;2000
Alestorm;Set Sail And Conquer;Captain Morgan's Revenge;2008
Pantera;Shattered;Cowboys From Hell;1990
Cycle Sluts from Hell;E.R.K.S.;Cycle Sluts from Hell;1991
Judas Priest;Some Heads Are Gonna Roll;Defenders Of The Faith;1984
Judas Priest;Some Heads Are Gonna Roll;Defenders Of The Faith [Remastered];1984
Moi dix Mois;Pessimiste;Dix infernal;2003
Mercyful Fate;Welcome Princess Of Hell;Don't Break The Oath;1984
Bulldoze;Herb;The Final Beatdown;1998
Yngwie Malmsteen;C'est La Vie;Fire And Ice;1992
Testament;Henchmen Ride;The Formation Of Damnation;2008
Behind Enemy Lines;Self-Inflicted Extinction;The Global Cannibal;2003
Arnocorps;End Of Days;The Greatest Band of All Time;2005
Judas Priest;The Green Manalishi (With The Two-Pronged Crown);Hell Bent For Leather;1978
Judas Priest;The Green Manalishi (With The Two-Pronged Crown);Hell Bent For Leather [The Remasters];1978
Wolfbrigade;Gunhead Batallion;In Darkness You Feel No Regrets;2003
Grip Inc.;(Built To) Resist;Incorporated;2004
Stratovarius;I Surrender (Live);Intermission;2001
Iron Maiden;Strange World;Iron Maiden;1980
Finntroll;Kitteldags;Jaktens Tid;2001
Helloween;March Of Time;Keeper Of The Seven Keys Part 2;2006
Metallica;Phantom Lord;Kill 'em All;1983
Iron Maiden;Killers;Killers;1981
Crumbsuckers;The Longest War;Life of Dreams;1999
Wolfpack;Counter Pain;Lycanthro Punk;1998
Merauder;Take By Force;Master Killer;1996
Black Sabbath;Solitude;Master of Reality;1971
Dragonforce;Defenders;Maximum Overload;2014
Mercyful Fate;Melissa;Melissa;1983
Judas Priest;Dissident Aggressor;Metal Works 1973-1993 [Disc1] [1 of 2] [Remast;-1
Judas Priest;Dissident Aggressor;Metal Works '73 -'93;1993
Judas Priest;Wild Nights, Hot & Crazy Days;Metal Works 73-93 (Disc 2);1993
Black Sabbath;Over To You;Never Say Die;1978
Iron Maiden;Run Silent Deep;No Prayer for the Dying;1990
Iron Maiden;Run Silent Run Deep;No Prayer For The Dying;1990
Moi Dix Mois;MAD INGRAIN;Nocturnal Opera;2003
Type O Negative;My Girlfriendâ€™s Girlfriend;October Rust;1996
Type O Negative;My Girlfriend's Girlfriend;October Rust;1996
Hellshock;Olympus;Only The Dead Know The End Of War LP;2003
Ozzy Osbourne;Paranoid [Live];The Ozzman Cometh;1997
Judas Priest;Between The Hammer & The Anvil;Painkiller;1990
Judas Priest;Between The Hammer & The Anvil;Painkiller [The Re-Masters];1990
Deathspell Omega;Malconfort;Paracletus;2011
Black Sabbath;Rat Salad;Paranoid;1970
Judas Priest;You Say Yes;Point Of Entry;1981
Grip Inc.;Colors of Death;Power of Inner Strength;1995
Amebix;Arise (live);The Power Remains;1999
Iron Maiden;Powerslave;Powerslave;1984
Ludichrist;This Party Sucks;Powertrip;2000
Judas Priest;I'm A Rocker;Ram It Down;1988
Pantera;Shallow Days;Reinventing the Steel [Clean];2000
Metallica;Creeping Death;Ride the Lightning;1984
Judas Priest;Never Satisfied;Rocka Rolla;1974
Judas Priest;Never Satisfied;Rocka Rolla (Digipak Re-release);1974
Black Sabbath;Looking For Today;Sabbath Bloody Sabbath;1973
Black Sabbath;Am I Going Insane (Radio);Sabotage;1975
Judas Priest;Genocide;Sad Wings of Destiny;1976
Judas Priest;Genocide;Sad Wings of Destiny (Digipak re-release);1976
Judas Priest;Screaming for Vengeance;Screaming for Vengeance;1982
Iron Maiden;The Clairvoyant;Seventh Son Of A Seventh Son;1988
Jesus Lizard;Elegy;Show;1993
Judas Priest;Here Come The Tears;Sin After Sin;1977
Judas Priest;Here Come The Tears;Sin After Sin [The Re-Masters];1977
Judas Priest;Savage;Stained Class;1978
Judas Priest;Savage;Stained Class (remastered);1978
Black Sabbath;She's Gone;Technical Ecstasy;1976
All Shall Perish;The Past Will Haunt Us Both;This Is Where It Ends;2011
Stratovarius;Out Of The Shadows;Twilight Time;1999
Judas Priest;Victim Of Changes;Unleashed In The East;1979
Pantera;No Good (Attack The Radical);Vulgar Display Of Power;1992
Arch Enemy;Web Of Lies;Wages of Sin;2002
Manowar;The March;Warriors of the World;2002
Faith No More;A Small Victory;Who Cares A Lot? The Greatest Hits [Disc 1];1998
Faith No More;Theme From Midnight Cowboy;Who Cares A Lot? The Greatest Hits [Disc 2];1998
Corrosion Of Conformity;Kiss Of Death;Animosity;2006
Otep;Breed (Nirvana cover);Ascension;2007
David Shankle Group;Secrets;Ashes to Ashes;2005
White Zombie;More Human Than Human;Astro-Creep: 2000;1995
Iron Maiden;Run To The Hills;Best Of The Beast;1996
S.O.D.;Celtic Frosted Flakes;Bigger Than The Devil;2000
Black Sabbath;Paranoid;Black Box: The Complete Original Black Sabbath (1970-1978);1971
Black Sabbath;Laguna Sunrise;Black Sabbath, Vol.4;1972
Judas Priest;The Rage;British Steel;1980
Judas Priest;The Rage;British Steel [The Re-Masters];1980
Arch Enemy;Burning Bridges;Burning Bridges;2001
Megadeth;Train Of Consequences;Capitol Punishment: The Megadeth Years;2000
Alestorm;Of Treasure;Captain Morgan's Revenge;2008
Pantera;Clash With Reality;Cowboys From Hell;1990
Cycle Sluts from Hell;Speed Queen;Cycle Sluts from Hell;1991
Judas Priest;Night Comes Down;Defenders Of The Faith;1984
Judas Priest;Night Comes Down;Defenders Of The Faith [Remastered];1984
Madball;Nuestra Familia;Demonstrating My Style;1996
Moi dix Mois;Gloire dans le silence;Dix infernal;2003
Mercyful Fate;To One Far Away;Don't Break The Oath;1984
Bulldoze;Respect Through Fear;The Final Beatdown;1998
Yngwie Malmsteen;Leviathan;Fire And Ice;1992
Testament;Killing Season;The Formation Of Damnation;2008
Arnocorps;Sixth Day;The Greatest Band of All Time;2005
Judas Priest;Killing Machine;Hell Bent For Leather;1978
Judas Priest;Killing Machine;Hell Bent For Leather [The Remasters];1978
Wolfbrigade;How Will You Find Your Peace;In Darkness You Feel No Regrets;2003
Grip Inc.;The Gift;Incorporated;2004
Stratovarius;Keep The Flame;Intermission;2001
Iron Maiden;Charlotte the Harlot;Iron Maiden;1980
Finntroll;KrigsmjÃ¶d;Jaktens Tid;2001
Helloween;I Want Out;Keeper Of The Seven Keys Part 2;2006
Metallica;No Remorse;Kill 'em All;1983
Iron Maiden;Prodigal Son;Killers;1981
Crumbsuckers;Shot Down;Life of Dreams;1999
Wolfpack;Roll the Dice;Lycanthro Punk;1998
Merauder;Fear Of Sin;Master Killer;1996
Black Sabbath;Into The Void;Master of Reality;1971
Dragonforce;Extraction Zone;Maximum Overload;2014
Judas Priest;Delivering The Goods;Metal Works 1973-1993 [Disc1] [1 of 2] [Remast;-1
Judas Priest;Delivering The Goods;Metal Works '73 -'93;1993
Judas Priest;Heading Out To The Highway;Metal Works 73-93 (Disc 2);1993
Black Sabbath;Breakout;Never Say Die;1978
Iron Maiden;Hooks In You;No Prayer For The Dying;1990
Moi Dix Mois;the Prophet;Nocturnal Opera;2003
Iron Maiden;Hallowed Be Thy Name;The Number Of the Beast;1998
Iron Maiden;Iron Maiden;The Number Of the Beast;1992
Type O Negative;Die With Me;October Rust;1996
Hellshock;World Darkness;Only The Dead Know The End Of War LP;2003
Ozzy Osbourne;Bark At The Moon;The Ozzman Cometh;1997
Judas Priest;A Touch Of Evil;Painkiller;1990
Judas Priest;A Touch Of Evil;Painkiller [The Re-Masters];1990
Deathspell Omega;Have You Beheld the Fevers;Paracletus;2011
Black Sabbath;Jack The Stripper/Fairies Wear Boots;Paranoid;1970
Judas Priest;All The Way;Point Of Entry;1981
Grip Inc.;Ostracized;Power of Inner Strength;1995
Amebix;Drink and be merry (live);The Power Remains;1999
Iron Maiden;Rime Of The Ancient Mariner;Powerslave;1984
Ludichrist;Johnnypump;Powertrip;2000
Judas Priest;Johnny B. Goode*;Ram It Down;1988
Metallica;The Call Of Ktulu;Ride the Lightning;1984
Judas Priest;Run Of The Mill;Rocka Rolla;1974
Judas Priest;Run Of The Mill;Rocka Rolla (Digipak Re-release);1974
Black Sabbath;Spiral Architect;Sabbath Bloody Sabbath;1973
Black Sabbath;The Writ;Sabotage;1975
Judas Priest;Epitaph;Sad Wings of Destiny;1976
Judas Priest;Epitaph;Sad Wings of Destiny (Digipak re-release);1976
Judas Priest;You've Got Another Thing Comin';Screaming for Vengeance;1982
Iron Maiden;Only The Good Die Young;Seventh Son Of A Seventh Son;1988
Jesus Lizard;Killer McHann;Show;1993
Judas Priest;Dissident Aggressor;Sin After Sin;1977
Judas Priest;Dissident Aggressor;Sin After Sin [The Re-Masters];1977
Judas Priest;Beyond The Realms Of Death;Stained Class;1978
Judas Priest;Beyond The Realms Of Death;Stained Class (remastered);1978
Black Sabbath;Dirty Woman;Technical Ecstasy;1976
All Shall Perish;Royalty Into Exile;This Is Where It Ends;2011
Stratovarius;Lead Us Into The Light;Twilight Time;1999
Judas Priest;Genocide;Unleashed In The East;1979
Pantera;Live In A Hole;Vulgar Display Of Power;1992
Arch Enemy;The First Deadly Sin;Wages of Sin;2002
Manowar;Warriors Of The World United;Warriors of the World;2002
Faith No More;Easy;Who Cares A Lot? The Greatest Hits [Disc 1];1998
Faith No More;This Guy's In Love With You;Who Cares A Lot? The Greatest Hits [Disc 2];1998
Corrosion Of Conformity;Hungry Child;Animosity;2006
David Shankle Group;Madness;Ashes to Ashes;2005
Iron Maiden;The Clairvoyant;Best Of The Beast;1996
Iron Maiden;Hallowed Be Thy Name;Best Of The Beast;1996
S.O.D.;Charlie Don't Cheat;Bigger Than The Devil;2000
Black Sabbath;St. Vitus' Dance;Black Sabbath, Vol.4;1972
Judas Priest;Steeler;British Steel;1980
Judas Priest;Steeler;British Steel [The Re-Masters];1980
Arch Enemy;Diva Satanica [Bonus Track];Burning Bridges;2001
Megadeth;Sweating Bullets;Capitol Punishment: The Megadeth Years;2000
Alestorm;Wenches & Mead;Captain Morgan's Revenge;2008
Pantera;Medicine Man;Cowboys From Hell;1990
Cycle Sluts from Hell;Taste the Flesh;Cycle Sluts from Hell;1991
Judas Priest;Heavy Duty;Defenders Of The Faith;1984
Judas Priest;Heavy Duty;Defenders Of The Faith [Remastered];1984
Moi dix Mois;L'intelieur Dix;Dix infernal;2003
Mercyful Fate;Come To The Sabbath;Don't Break The Oath;1984
Bulldoze;Remember Whos Strong;The Final Beatdown;1998
Yngwie Malmsteen;Fire And Ice;Fire And Ice;1992
Testament;Afterlife;The Formation Of Damnation;2008
Arnocorps;Running Man;The Greatest Band of All Time;2005
Judas Priest;Running Wild;Hell Bent For Leather;1978
Judas Priest;Running Wild;Hell Bent For Leather [The Remasters];1978
Wolfbrigade;Exhortation;In Darkness You Feel No Regrets;2003
Grip Inc.;Privilege;Incorporated;2004
Stratovarius;Why Are We Here?;Intermission;2001
Iron Maiden;Iron Maiden;Iron Maiden;1980
Finntroll;Vargtimmen;Jaktens Tid;2001
Helloween;Keeper Of The Seven Keys;Keeper Of The Seven Keys Part 2;2006
Labyrinth;Future World;The Keepers of Jericho;2000
Metallica;Seek & Destroy;Kill 'em All;1983
Iron Maiden;Purgatory;Killers;1981
Crumbsuckers;Prelude;Life of Dreams;1999
Wolfpack;Zonetripper;Lycanthro Punk;1998
Merauder;Besiege The Masses;Master Killer;1996
Dragonforce;City Of Gold;Maximum Overload;2014
Judas Priest;Exciter;Metal Works 1973-1993 [Disc1] [1 of 2] [Remast;-1
Judas Priest;Exciter;Metal Works '73 -'93;1993
Judas Priest;Living After Midnight;Metal Works 73-93 (Disc 2);1993
Black Sabbath;Swinging The Chain;Never Say Die;1978
Iron Maiden;Bring Your Daughter... To The Slaughter;No Prayer For The Dying;1990
Iron Maiden;Bring Your Daughter...To the Slaughter;No Prayer for the Dying;2002
Moi Dix Mois;Perish;Nocturnal Opera;2003
Iron Maiden;Run To The Hills;The Number Of the Beast;1998
Type O Negative;Burnt Flowers Fallen;October Rust;1996
Hellshock;The Masquerade;Only The Dead Know The End Of War LP;2003
Ozzy Osbourne;Shot In The Dark;The Ozzman Cometh;1997
Judas Priest;Battle Hymn [Instr.];Painkiller;1990
Judas Priest;Battle Hymn [Instr.];Painkiller [The Re-Masters];1990
Deathspell Omega;Devouring Famine;Paracletus;2011
Judas Priest;Troubleshooter;Point Of Entry;1981
Grip Inc.;Cleanse the Seed;Power of Inner Strength;1995
Ludichrist;Yesterday For You;Powertrip;2000
Judas Priest;Love You To Death;Ram It Down;1988
Judas Priest;Dying To Meet You;Rocka Rolla;1974
Judas Priest;Dying To Meet You;Rocka Rolla (Digipak Re-release);1974
Judas Priest;Island of Domination;Sad Wings of Destiny;1976
Judas Priest;Island of Domination;Sad Wings of Destiny (Digipak re-release);1976
Judas Priest;Fever;Screaming for Vengeance;1982
Jesus Lizard;Dancing Naked Ladies;Show;1993
Judas Priest;Race With The Devil [Bonus];Sin After Sin;1977
Judas Priest;Race With The Devil [Bonus];Sin After Sin [The Re-Masters];1977
Judas Priest;Heroes End;Stained Class;1978
Judas Priest;Heroes End;Stained Class (remastered);1978
All Shall Perish;My Retaliation;This Is Where It Ends;2011
Judas Priest;Tyrant;Unleashed In The East;1979
Pantera;Regular People (Conceit);Vulgar Display Of Power;1992
Arch Enemy;Behind The Smile;Wages of Sin;2002
Manowar;Hand Of Doom;Warriors of the World;2002
Faith No More;Digging The Grave;Who Cares A Lot? The Greatest Hits [Disc 1];1998
Zakk Wylde's Black Label Society;Born To Booze;Alcohol Fueled Brewtality - Live !!;2001
Black Label Society;Born to Booze;Alcohol Fueled Brewtality Live + 5;2001
Corrosion Of Conformity;Animosity;Animosity;2006
David Shankle Group;Back To Heaven;Ashes to Ashes;2003
Iron Maiden;Can I Play With Madness;Best Of The Beast;1996
S.O.D.;The Song That Don't Go Fast;Bigger Than The Devil;2000
Black Sabbath;Iron Man;Black Box: The Complete Original Black Sabbath (1970-1978);1971
Black Sabbath;Under The Sun/Everyday Comes & Goes;Black Sabbath, Vol.4;1972
Judas Priest;Red, White & Blue [Bonus];British Steel;1980
Judas Priest;Red, White & Blue [Bonus];British Steel [The Re-Masters];1980
Arch Enemy;Hydra [Instrumental Bonus Trac;Burning Bridges;2001
Megadeth;Symphony Of Destruction;Capitol Punishment: The Megadeth Years;2000
Alestorm;Flower Of Scotland;Captain Morgan's Revenge;2008
Pantera;Message In Blood;Cowboys From Hell;1990
Cycle Sluts from Hell;Badass Mama;Cycle Sluts from Hell;1991
Judas Priest;Defenders Of The Faith;Defenders Of The Faith;1984
Judas Priest;Defenders Of The Faith;Defenders Of The Faith [Remastered];1984
Moi dix Mois;Detresse;Dix infernal;2003
Bulldoze;Hypocryte;The Final Beatdown;1998
Yngwie Malmsteen;Forever Is A Long Time;Fire And Ice;1992
Testament;F.E.A.R.;The Formation Of Damnation;2008
Arnocorps;Raw Deal;The Greatest Band of All Time;2005
Judas Priest;Before The Dawn;Hell Bent For Leather;1978
Judas Priest;Before The Dawn;Hell Bent For Leather [The Remasters];1978
Wolfbrigade;Avgrundens Kant;In Darkness You Feel No Regrets;2003
Stratovarius;What Can I Say;Intermission;2001
Finntroll;Kyrkovisan;Jaktens Tid;2001
Helloween;Save Us;Keeper Of The Seven Keys Part 2;2006
Metallica;Metal Militia;Kill 'em All;1983
Iron Maiden;Drifter;Killers;1981
Crumbsuckers;Life Of Dreams;Life of Dreams;1999
Ryker's;Cataclystic;Life's a Gamble So Is Death;1999
Iron Maiden;Hallowed Be Thy Name;Live After Death;1990
Wolfpack;Shellshock;Lycanthro Punk;1998
Merauder;Crossfire;Master Killer;1996
Dragonforce;Ring Of Fire;Maximum Overload;2014
Judas Priest;Breaking The Law;Metal Works 1973-1993 [Disc1] [1 of 2] [Remast;-1
Judas Priest;Breaking The Law;Metal Works '73 -'93;1993
Judas Priest;A Touch Of Evil;Metal Works 73-93 (Disc 2);1993
Iron Maiden;Mother Russia;No Prayer For The Dying;1990
Moi Dix Mois;Shadows Temple-x;Nocturnal Opera;2003
Iron Maiden;The Number Of The Beast;The Number Of the Beast;1998
Type O Negative;In Praise of Bacchus;October Rust;1996
Hellshock;Beauty;Only The Dead Know The End Of War LP;2003
Ozzy Osbourne;Crazy Babies;The Ozzman Cometh;1997
Judas Priest;One Shot At Glory;Painkiller;1990
Judas Priest;One Shot At Glory;Painkiller [The Re-Masters];1990
Deathspell Omega;Apokatastasis Panton;Paracletus;2011
Judas Priest;On The Run;Point Of Entry;1981
Ludichrist;And So It Goes;Powertrip;2000
Judas Priest;Monsters Of Rock;Ram It Down;1988
Judas Priest;Caviar And Meths;Rocka Rolla;1974
Judas Priest;Caviar And Meths;Rocka Rolla (Digipak Re-release);1974
Judas Priest;Devil's Child;Screaming for Vengeance;1982
Jesus Lizard;Fly On The Wall;Show;1993
Judas Priest;Jawbreaker [Live / Bonus];Sin After Sin;1977
Judas Priest;Jawbreaker [Live / Bonus];Sin After Sin [The Re-Masters];1977
Judas Priest;Fire Burns Below;Stained Class;1978
Judas Priest;Fire Burns Below;Stained Class (remastered);1978
All Shall Perish;Rebirth;This Is Where It Ends;2011
Judas Priest;Rock Forever [Bonus];Unleashed In The East;1979
Pantera;By Demons Be Driven;Vulgar Display Of Power;1992
Arch Enemy;Snow Bound;Wages of Sin;2002
Manowar;House Of Death;Warriors of the World;2002
Faith No More;The Gentle Art Of Making Enemies;Who Cares A Lot? The Greatest Hits [Disc 1];1998
Ryker's;Shadowplay;A Lesson In Loyalty;2000
David Shankle Group;Masquerade;Ashes to Ashes;2005
Iron Maiden;The Evil That Men Do;Best Of The Beast;1996
S.O.D.;Shenanigans;Bigger Than The Devil;2000
Body Count;The Winner Loses;Body Count;1992
Judas Priest;Grinder [Bonus / Live];British Steel;1980
Judas Priest;Grinder [Bonus / Live];British Steel [The Re-Masters];1980
Megadeth;Hangar 18;Capitol Punishment: The Megadeth Years;2000
Pantera;The Sleep;Cowboys From Hell;1990
Cycle Sluts from Hell;Bloodlust;Cycle Sluts from Hell;1991
Judas Priest;Turn On Your Light;Defenders Of The Faith;1984
Judas Priest;Turn On Your Light;Defenders Of The Faith [Remastered];1984
Moi dix Mois;Priere;Dix infernal;2003
Bulldoze;Live;The Final Beatdown;1998
Yngwie Malmsteen;I'm My Own Enemy;Fire And Ice;1992
Testament;Leave Me Forever;The Formation Of Damnation;2008
Arnocorps;Eraser;The Greatest Band of All Time;2005
Judas Priest;Evil Fantasies;Hell Bent For Leather;1978
Judas Priest;Evil Fantasies;Hell Bent For Leather [The Remasters];1978
Wolfbrigade;Say Goodbye;In Darkness You Feel No Regrets;2003
Grip Inc.;Man With No Insides;Incorporated;2004
Stratovarius;Dream With Me;Intermission;2001
Finntroll;Den HornkrÃ¶nte Konungen (Rivfaders Tron);Jaktens Tid;2001
Crumbsuckers;Brainwashed;Life of Dreams;1999
Iron Maiden;Iron Maiden;Live After Death;1990
Wolfpack;Wish;Lycanthro Punk;1998
Dragonforce;Power And Glory (bonus track);Maximum Overload;2014
Judas Priest;Hell Bent For Leather;Metal Works 1973-1993 [Disc1] [1 of 2] [Remast;-1
Judas Priest;Hell Bent For Leather;Metal Works '73 -'93;1993
Judas Priest;The Rage;Metal Works 73-93 (Disc 2);1993
Moi Dix Mois;silent omen;Nocturnal Opera;2003
Type O Negative;Cinnamon Girl;October Rust;1996
Hellshock;Passage;Only The Dead Know The End Of War LP;2003
Judas Priest;Living Bad Dreams [Bonus];Painkiller;1990
Judas Priest;Living Bad Dreams [Bonus];Painkiller [The Re-Masters];1990
Judas Priest;Thunder Road [Bonus];Point Of Entry;1981
Grip Inc.;Longest Hate;Power of Inner Strength;2004
Ludichrist;The Well Dressed Man Disguise;Powertrip;2000
Judas Priest;Night Comes Down [Live / Bonus];Ram It Down;1988
Pantera;Dream Seasons;Reinventing the Steel [Clean];2000
Judas Priest;Diamonds And Rust (bonus track);Rocka Rolla;1974
Judas Priest;Diamonds And Rust (bonus track);Rocka Rolla (Digipak Re-release);1974
Judas Priest;Prisoner of Your Eyes [*];Screaming for Vengeance;1982
Jesus Lizard;Boilermaker;Show;1993
The Cult;Medicine Train;Sonic Temple;1989
Judas Priest;Better By You, Better Than Me (Live);Stained Class;1978
Judas Priest;Better By You, Better Than Me (Live);Stained Class (remastered);1978
All Shall Perish;The Death Plague;This Is Where It Ends;2011
Judas Priest;Delivering The Goods [Bonus];Unleashed In The East;1979
Pantera;Hollow;Vulgar Display Of Power;1992
Arch Enemy;Shadows And Dust;Wages of Sin;2002
Manowar;Fight Until We Die;Warriors of the World;2002
Faith No More;Evidence;Who Cares A Lot? The Greatest Hits [Disc 1];1998
David Shankle Group;The Magic Of The Chords;Ashes to Ashes;2005
S.O.D.;Dog On The Tracks;Bigger Than The Devil;2000
Body Count;There Goes The Neighborhood;Body Count;1992
Megadeth;Holy Wars...The Punishment Due;Capitol Punishment: The Megadeth Years;2000
Pantera;The Art Of Shredding;Cowboys From Hell;1990
Judas Priest;Heavy Duty / Defenders Of The Faith (Live);Defenders Of The Faith;1984
Judas Priest;Heavy Duty / Defenders Of The Faith (Live);Defenders Of The Faith [Remastered];1984
Moi dix Mois;Dialogue Symphonne-x;Dix infernal;2003
Moi dix Mois;Linterier Dix;Dix infernal;2003
Bulldoze;Live;The Final Beatdown;1998
Yngwie Malmsteen;All I Want Is Everything;Fire And Ice;1992
Arnocorps;Crom (Strong on His Mountain);The Greatest Band of All Time;2005
Judas Priest;Fight For You Life (Bonus Track);Hell Bent For Leather;1978
Judas Priest;Fight For You Life (Bonus Track);Hell Bent For Leather [The Remasters];1978
Stratovarius;When The Night Meets The Day;Intermission;2001
Finntroll;Aldhissla;Jaktens Tid;2001
Helloween;Dont Run For Cover (B Side);Keeper Of The Seven Keys Part 2;2006
Crumbsuckers;Face Of Death;Life of Dreams;1999
Wolfpack;Lycanthro Punk;Lycanthro Punk;1998
Dragonforce;You're Not Alone (bonus track);Maximum Overload;2014
Judas Priest;Blood Red Skies;Metal Works 1973-1993 [Disc1] [1 of 2] [Remast;-1
Judas Priest;Blood Red Skies;Metal Works '73 -'93;1993
Judas Priest;Night Comes Down;Metal Works 73-93 (Disc 2);1993
Type O Negative;The Glorious Liberation of the Peopleâ€™s Technocratic Republic of Vinnland by the Combined Forces of the United Territories of Europa;October Rust;1996
Judas Priest;Leather Rebel [Live / Bonus];Painkiller;1990
Judas Priest;Leather Rebel [Live / Bonus];Painkiller [The Re-Masters];1990
Judas Priest;Desert Plains [Live / Bonus];Point Of Entry;1981
Ludichrist;Iwo jima (taht manly smell);Powertrip;2000
Judas Priest;Bloodstone [Live / Bonus];Ram It Down;1988
Judas Priest;Devil's Child [Live][*];Screaming for Vengeance;1982
Jesus Lizard;Puss;Show;1993
All Shall Perish;In This Life Of Pain;This Is Where It Ends;2011
Judas Priest;Hell Bent For Leather [Bonus];Unleashed In The East;1979
Arch Enemy;Lament Of A Mortal Soul;Wages of Sin;2002
Faith No More;I Started A Joke;Who Cares A Lot? The Greatest Hits [Disc 1];1998
David Shankle Group;Voice of Authority;Ashes to Ashes;2003
Iron Maiden;Wasted Years;Best Of The Beast;1996
S.O.D.;Xerox;Bigger Than The Devil;2000
Megadeth;In My Darkest Hour;Capitol Punishment: The Megadeth Years;2000
Moi dix Mois;Detresse;Dix infernal;2003
Moi dix Mois;Dix est infini;Dix infernal;2003
Bulldoze;Live;The Final Beatdown;1998
Yngwie Malmsteen;Golden Dawn;Fire And Ice;1992
Arnocorps;Wheel of Pain;The Greatest Band of All Time;2005
Judas Priest;Riding On The Wind (Live) (Bonus Track);Hell Bent For Leather;1978
Judas Priest;Riding On The Wind (Live) (Bonus Track);Hell Bent For Leather [The Remasters];1978
Stratovarius;It's A Mystery;Intermission;2001
Finntroll;Tomhet Och Tystnad HÃ¤rska (Outro);Jaktens Tid;2001
Crumbsuckers;Hubrun;Life of Dreams;1999
Iron Maiden;Running Free;Live After Death;1990
Wolfpack;Pain from Pleasure;Lycanthro Punk;1998
Dragonforce;Chemical Interference (bonus track);Maximum Overload;2014
Judas Priest;Metal Gods;Metal Works 1973-1993 [Disc1] [1 of 2] [Remast;-1
Judas Priest;Metal Gods;Metal Works '73 -'93;1993
Judas Priest;Sinner;Metal Works 73-93 (Disc 2);1993
Type O Negative;Wolf Moon (Including Zoanthropic Paranoia);October Rust;1996
Ludichrist;One for the road;Powertrip;2000
Pantera;Smithzonian Institute of Rhyme;Reinventing the Steel [Clean];2000
Jesus Lizard;Gladiator;Show;1993
All Shall Perish;Nobleza En Exilio ((Spanish version of â€œRoyalty Into Exileâ€));This Is Where It Ends;2011
Judas Priest;Starbreaker [Bonus];Unleashed In The East;1979
Arch Enemy;Starbreaker;Wages of Sin;2002
Faith No More;Last Cup Of Sorrow;Who Cares A Lot? The Greatest Hits [Disc 1];1998
S.O.D.;Make Room, Make Room;Bigger Than The Devil;2000
Black Sabbath;Jack The Stripper/Fairies Wear Boots;Black Box: The Complete Original Black Sabbath (1970-1978);1971
Megadeth;Peace Sells;Capitol Punishment: The Megadeth Years;2000
Moi dix Mois;Ange;Dix infernal;2003
Bulldoze;Live;The Final Beatdown;1998
Yngwie Malmsteen;Final Curtain;Fire And Ice;1992
Arnocorps;Terminator;The Greatest Band of All Time;2005
Stratovarius;Cold Winter Nights;Intermission;2001
Crumbsuckers;Bullshit Society;Life of Dreams;1999
Dragonforce;Summer's End (Japanese Edition, bonus track);Maximum Overload;2014
Judas Priest;Before The Dawn;Metal Works 1973-1993 [Disc1] [1 of 2] [Remast;-1
Judas Priest;Before The Dawn;Metal Works '73 -'93;1993
Judas Priest;Freewheel Burning;Metal Works 73-93 (Disc 2);1993
Type O Negative;Haunted;October Rust;1996
Ozzy Osbourne;I Just Want You;The Ozzman Cometh;1997
Jesus Lizard;Wheelchair Epidemic;Show;1993
Arch Enemy;Aces High;Wages of Sin;2002
Faith No More;Ashes To Ashes;Who Cares A Lot? The Greatest Hits [Disc 1];1998
S.O.D.;Free Dirty Needles;Bigger Than The Devil;2000
Black Sabbath;Sweet Leaf;Black Box: The Complete Original Black Sabbath (1970-1978);1971
Moi dix Mois;Pagent;Dix infernal;2003
Arnocorps;Last Action Hero;The Greatest Band of All Time;2005
Stratovarius;Hunting High & Low (Live);Intermission;2001
Crumbsuckers;Live To Work;Life of Dreams;1999
Dragonforce;Fight To Be Free (bonus track);Maximum Overload;2014
Judas Priest;Turbo Lover;Metal Works 1973-1993 [Disc1] [1 of 2] [Remast;-1
Judas Priest;Turbo Lover;Metal Works '73 -'93;1993
Judas Priest;Night Crawler;Metal Works 73-93 (Disc 2);1993
Type O Negative;[untitled];October Rust;1996
Jesus Lizard;Monkey Trick;Show;1993
Arch Enemy;Scream Of Anger;Wages of Sin;2002
Faith No More;Stripsearch;Who Cares A Lot? The Greatest Hits [Disc 1];1998
Ryker's;London Leatherboys;Accept Metal Or Die: Tribute to Accept;1999
S.O.D.;Fugu;Bigger Than The Devil;2000
Black Sabbath;After Forever;Black Box: The Complete Original Black Sabbath (1970-1978);1971
Moi dix Mois;Perish;Dix infernal;2003
Crumbsuckers;Mr. Hyde;Life of Dreams;1999
Dragonforce;Galactic Astro Domination (Remixed, bonus track);Maximum Overload;2014
Judas Priest;Ram It Down;Metal Works 1973-1993 [Disc1] [1 of 2] [Remast;-1
Judas Priest;Ram It Down;Metal Works '73 -'93;1993
Arch Enemy;Diva Satanica;Wages of Sin;2002
S.O.D.;Noise That's What;Bigger Than The Devil;2000
Moi dix Mois;Vizard;Dix infernal;2003
Judas Priest;Metal Meltdown;Metal Works 1973-1993 [Disc1] [1 of 2] [Remast;-1
Judas Priest;Metal Meltdown;Metal Works '73 -'93;1993
Attak;Murder In The Subway;No Future;1993
Arch Enemy;Fields Of Desolation;Wages of Sin;2002
S.O.D.;We All Bleed Red;Bigger Than The Devil;2000
Black Sabbath;Children Of The Grave;Black Box: The Complete Original Black Sabbath (1970-1978);1971
Moi dix Mois;Forbidden;Dix infernal;2003
Judas Priest;Screaming For Vengeance;Metal Works '73 -'93;1993
Arch Enemy;Damnation's Way;Wages of Sin;2002
S.O.D.;Frankenstein And His Horse;Bigger Than The Devil;2000
Moi dix Mois;La Dix Croix;Dix infernal;2003
Judas Priest;You've Got Another Thing Comin';Metal Works '73 -'93;1993
Arch Enemy;Hydra;Wages of Sin;2002
S.O.D.;Every Tiny Molecule;Bigger Than The Devil;2000
Black Sabbath;Lord Of This World;Black Box: The Complete Original Black Sabbath (1970-1978);1971
Judas Priest;Beyond the Realms of Death;Metal Works '73 -'93;1993
S.O.D.;Aren't You Hungry?;Bigger Than The Devil;2000
Judas Priest;Solar Angels;Metal Works '73 -'93;1993
S.O.D.;L.A.T.K.C.H.;Bigger Than The Devil;2000
Black Sabbath;Into The Void;Black Box: The Complete Original Black Sabbath (1970-1978);1971
Judas Priest;Bloodstone;Metal Works '73 -'93;1993
S.O.D.;Ballad Of Michael H.;Bigger Than The Devil;2000
Judas Priest;Desert Plains;Metal Works '73 -'93;1993
S.O.D.;Ballad Of Phil H.;Bigger Than The Devil;2000
Black Sabbath;Tomorrow's Dream;Black Box: The Complete Original Black Sabbath (1970-1978);1972
Murderdolls;White Wedding [DVD];Beyond the Valley of the Murderdolls;2003
S.O.D.;Moment Of Truth;Bigger Than The Devil;2000
Black Sabbath;Changes;Black Box: The Complete Original Black Sabbath (1970-1978);1972
Black Sabbath;Supernaut;Black Box: The Complete Original Black Sabbath (1970-1978);1972
S.O.D.;Track 28;Bigger Than The Devil;2000
Black Sabbath;Snowblind;Black Box: The Complete Original Black Sabbath (1970-1978);1972
Black Sabbath;Laguna Sunrise;Black Box: The Complete Original Black Sabbath (1970-1978);1972
Black Sabbath;Sabbath Bloody Sabbath;Black Box: The Complete Original Black Sabbath (1970-1978);1973
Black Sabbath;Fluff;Black Box: The Complete Original Black Sabbath (1970-1978);1973
Black Sabbath;Sabbra Cadabra;Black Box: The Complete Original Black Sabbath (1970-1978);1973
Black Sabbath;Hole In The Sky;Black Box: The Complete Original Black Sabbath (1970-1978);1975
Black Sabbath;Symptom Of The Universe;Black Box: The Complete Original Black Sabbath (1970-1978);1975
Black Sabbath;Am I Going Insane (Radio);Black Box: The Complete Original Black Sabbath (1970-1978);1975
Black Sabbath;Rock 'N' Roll Doctor;Black Box: The Complete Original Black Sabbath (1970-1978);1976
Black Sabbath;Dirty Women;Black Box: The Complete Original Black Sabbath (1970-1978);2002
Black Sabbath;Never Say Die;Black Box: The Complete Original Black Sabbath (1970-1978);2002
Black Sabbath;A Hard Road;Black Box: The Complete Original Black Sabbath (1970-1978);2002
Iron Maiden;Wrathchild;Iron Maiden (1): 1980-1990;2001
Lemmy with Wendy O Williams;Stand by your man;Damage Case;2006
